,danceability,energy,key,loudness,mode,speechiness,acousticness,instrumentalness,liveness,valence,tempo,type,id,uri,track_href,analysis_url,duration_ms,time_signature,song,artist,album,name
0,0.721,0.738,7,-4.77,1,0.0403,0.00226,4.41e-06,0.118,0.637,119.976,audio_features,4qu63nuBpdn0qHUHuObEj1,spotify:track:4qu63nuBpdn0qHUHuObEj1,https://api.spotify.com/v1/tracks/4qu63nuBpdn0qHUHuObEj1,https://api.spotify.com/v1/audio-analysis/4qu63nuBpdn0qHUHuObEj1,154983,4,Leave Before You Love Me (with Jonas Brothers),Marshmello,Leave Before You Love Me,"Leave Before You Love Me (with Jonas Brothers), by Marshmello"
1,0.728,0.657,0,-5.329,0,0.042,0.0696,3.41e-06,0.0855,0.772,122.079,audio_features,4R4gOp9ybG85RqbrY7JELc,spotify:track:4R4gOp9ybG85RqbrY7JELc,https://api.spotify.com/v1/tracks/4R4gOp9ybG85RqbrY7JELc,https://api.spotify.com/v1/audio-analysis/4R4gOp9ybG85RqbrY7JELc,169672,4,Feels Like Love (feat. MIYA MIYA),Syn Cole,Feels Like Love (feat. MIYA MIYA),"Feels Like Love (feat. MIYA MIYA), by Syn Cole"
2,0.699,0.839,4,-5.353,0,0.0481,0.0483,0.655,0.0897,0.264,128.026,audio_features,0vZCG0H9KhtU7K8MEUVAoV,spotify:track:0vZCG0H9KhtU7K8MEUVAoV,https://api.spotify.com/v1/tracks/0vZCG0H9KhtU7K8MEUVAoV,https://api.spotify.com/v1/audio-analysis/0vZCG0H9KhtU7K8MEUVAoV,236706,4,Tsunami,DVBBS,Tsunami,"Tsunami, by DVBBS"
3,0.506,0.917,4,-4.698,1,0.0638,0.256,0.0,0.352,0.674,152.004,audio_features,6deDpxfbapjMLgHoaNuAx6,spotify:track:6deDpxfbapjMLgHoaNuAx6,https://api.spotify.com/v1/tracks/6deDpxfbapjMLgHoaNuAx6,https://api.spotify.com/v1/audio-analysis/6deDpxfbapjMLgHoaNuAx6,210439,4,How Do You Love (with Lee Brice & Lindsay Ell),Cheat Codes,How Do You Love (with Lee Brice & Lindsay Ell),"How Do You Love (with Lee Brice & Lindsay Ell), by Cheat Codes"
4,0.64,0.533,0,-6.596,1,0.0706,0.119,0.0,0.0864,0.515,99.968,audio_features,12GEpg2XOPyqk03JZEZnJs,spotify:track:12GEpg2XOPyqk03JZEZnJs,https://api.spotify.com/v1/tracks/12GEpg2XOPyqk03JZEZnJs,https://api.spotify.com/v1/audio-analysis/12GEpg2XOPyqk03JZEZnJs,220781,4,It Ain’t Me (with Selena Gomez),Kygo,It Ain't Me,"It Ain’t Me (with Selena Gomez), by Kygo"
5,0.78,0.528,1,-6.979,0,0.451,0.244,0.0,0.111,0.383,155.95,audio_features,09iKyqKI8AGb0w4eajgWE8,spotify:track:09iKyqKI8AGb0w4eajgWE8,https://api.spotify.com/v1/tracks/09iKyqKI8AGb0w4eajgWE8,https://api.spotify.com/v1/audio-analysis/09iKyqKI8AGb0w4eajgWE8,197010,4,Baggin',Marshmello,Baggin',"Baggin', by Marshmello"
6,0.607,0.478,1,-5.702,0,0.031,0.649,0.0,0.0928,0.255,88.979,audio_features,4zRZAmBQP8vhNPf9i9opXt,spotify:track:4zRZAmBQP8vhNPf9i9opXt,https://api.spotify.com/v1/tracks/4zRZAmBQP8vhNPf9i9opXt,https://api.spotify.com/v1/audio-analysis/4zRZAmBQP8vhNPf9i9opXt,190027,4,8 Letters,Why Don't We,8 Letters,"8 Letters, by Why Don't We"
7,0.536,0.879,1,-3.019,1,0.0621,0.0742,0.0,0.0847,0.334,140.137,audio_features,3OaunNUlXXs5e2PXtNAzzG,spotify:track:3OaunNUlXXs5e2PXtNAzzG,https://api.spotify.com/v1/tracks/3OaunNUlXXs5e2PXtNAzzG,https://api.spotify.com/v1/audio-analysis/3OaunNUlXXs5e2PXtNAzzG,192000,4,UCLA,RL Grime,NOVA,"UCLA, by RL Grime"
8,0.679,0.764,6,-5.301,1,0.0391,0.031,9.05e-06,0.0951,0.471,124.977,audio_features,2wVQcA1YCuGL6EW0QbgVoV,spotify:track:2wVQcA1YCuGL6EW0QbgVoV,https://api.spotify.com/v1/tracks/2wVQcA1YCuGL6EW0QbgVoV,https://api.spotify.com/v1/audio-analysis/2wVQcA1YCuGL6EW0QbgVoV,198015,4,Everything But You (feat. A7S),Clean Bandit,Everything But You (feat. A7S),"Everything But You (feat. A7S), by Clean Bandit"
9,0.694,0.712,7,-3.923,0,0.046,0.132,0.0,0.211,0.799,98.023,audio_features,1rIKgCH4H52lrvDcz50hS8,spotify:track:1rIKgCH4H52lrvDcz50hS8,https://api.spotify.com/v1/tracks/1rIKgCH4H52lrvDcz50hS8,https://api.spotify.com/v1/audio-analysis/1rIKgCH4H52lrvDcz50hS8,201122,4,Lush Life,Zara Larsson,So Good,"Lush Life, by Zara Larsson"
10,0.819,0.814,10,-3.44,0,0.0382,0.00033,0.328,0.0644,0.464,125.965,audio_features,2hcqLu8Hhu2yJd5h4T4WDf,spotify:track:2hcqLu8Hhu2yJd5h4T4WDf,https://api.spotify.com/v1/tracks/2hcqLu8Hhu2yJd5h4T4WDf,https://api.spotify.com/v1/audio-analysis/2hcqLu8Hhu2yJd5h4T4WDf,152415,4,Bad Bitches (feat. Megan Thee Stallion),Marshmello,Bad Bitches (feat. Megan Thee Stallion),"Bad Bitches (feat. Megan Thee Stallion), by Marshmello"
11,0.763,0.782,7,-4.541,0,0.0346,0.182,7.08e-06,0.293,0.502,127.034,audio_features,3sa06xVNmLLYIxdNNmVQN8,spotify:track:3sa06xVNmLLYIxdNNmVQN8,https://api.spotify.com/v1/tracks/3sa06xVNmLLYIxdNNmVQN8,https://api.spotify.com/v1/audio-analysis/3sa06xVNmLLYIxdNNmVQN8,177689,4,Where Did You Go? (feat. MNEK),Jax Jones,Where Did You Go (feat. MNEK),"Where Did You Go? (feat. MNEK), by Jax Jones"
12,0.669,0.895,5,-3.787,0,0.0575,0.128,0.0,0.297,0.576,124.975,audio_features,1yAPglN5AGf7UoLK062ZYq,spotify:track:1yAPglN5AGf7UoLK062ZYq,https://api.spotify.com/v1/tracks/1yAPglN5AGf7UoLK062ZYq,https://api.spotify.com/v1/audio-analysis/1yAPglN5AGf7UoLK062ZYq,205653,4,Wish You Well,Sigala,Wish You Well,"Wish You Well, by Sigala"
13,0.697,0.836,5,-5.005,1,0.0437,0.133,4.46e-06,0.0754,0.631,121.977,audio_features,7dk9EBvTbbKBbFxjCAJpwK,spotify:track:7dk9EBvTbbKBbFxjCAJpwK,https://api.spotify.com/v1/tracks/7dk9EBvTbbKBbFxjCAJpwK,https://api.spotify.com/v1/audio-analysis/7dk9EBvTbbKBbFxjCAJpwK,190772,4,Hear Me Say,Jonas Blue,Hear Me Say,"Hear Me Say, by Jonas Blue"
14,0.662,0.794,6,-4.239,1,0.0533,0.171,0.0,0.0883,0.641,104.951,audio_features,3pBv3LfvfPft2TqHleqKHo,spotify:track:3pBv3LfvfPft2TqHleqKHo,https://api.spotify.com/v1/tracks/3pBv3LfvfPft2TqHleqKHo,https://api.spotify.com/v1/audio-analysis/3pBv3LfvfPft2TqHleqKHo,192000,4,Call On Me (feat. Georgia Ku),Sam Feldt,Call On Me (feat. Georgia Ku),"Call On Me (feat. Georgia Ku), by Sam Feldt"
15,0.687,0.792,5,-2.749,1,0.0452,0.191,0.0,0.167,0.671,100.015,audio_features,2dpaYNEQHiRxtZbfNsse99,spotify:track:2dpaYNEQHiRxtZbfNsse99,https://api.spotify.com/v1/tracks/2dpaYNEQHiRxtZbfNsse99,https://api.spotify.com/v1/audio-analysis/2dpaYNEQHiRxtZbfNsse99,214290,4,Happier,Marshmello,Happier,"Happier, by Marshmello"
16,0.753,0.749,6,-5.214,1,0.0314,0.0546,4.39e-06,0.166,0.589,121.988,audio_features,7pDdE5FLqcNCvjxzRzm80r,spotify:track:7pDdE5FLqcNCvjxzRzm80r,https://api.spotify.com/v1/tracks/7pDdE5FLqcNCvjxzRzm80r,https://api.spotify.com/v1/audio-analysis/7pDdE5FLqcNCvjxzRzm80r,175082,4,Breathe (feat. kaspara),Syn Cole,Breathe (feat. kaspara),"Breathe (feat. kaspara), by Syn Cole"
17,0.611,0.651,1,-6.973,1,0.0589,0.144,1.7e-05,0.105,0.351,122.983,audio_features,6Q3K9gVUZRMZqZKrXovbM2,spotify:track:6Q3K9gVUZRMZqZKrXovbM2,https://api.spotify.com/v1/tracks/6Q3K9gVUZRMZqZKrXovbM2,https://api.spotify.com/v1/audio-analysis/6Q3K9gVUZRMZqZKrXovbM2,215361,4,I'll Wait,Kygo,I'll Wait,"I'll Wait, by Kygo"
18,0.643,0.594,2,-5.453,1,0.0318,0.0128,0.0,0.118,0.442,144.033,audio_features,6pooRNiLyYpxZeIA5kJ5EX,spotify:track:6pooRNiLyYpxZeIA5kJ5EX,https://api.spotify.com/v1/tracks/6pooRNiLyYpxZeIA5kJ5EX,https://api.spotify.com/v1/audio-analysis/6pooRNiLyYpxZeIA5kJ5EX,216668,4,Good Things Fall Apart (with Jon Bellion),ILLENIUM,Good Things Fall Apart (with Jon Bellion),"Good Things Fall Apart (with Jon Bellion), by ILLENIUM"
19,0.501,0.519,4,-5.88,0,0.0409,0.109,0.0,0.454,0.168,133.99,audio_features,23L5CiUhw2jV1OIMwthR3S,spotify:track:23L5CiUhw2jV1OIMwthR3S,https://api.spotify.com/v1/tracks/23L5CiUhw2jV1OIMwthR3S,https://api.spotify.com/v1/audio-analysis/23L5CiUhw2jV1OIMwthR3S,195707,4,In the Name of Love,Martin Garrix,In the Name of Love,"In the Name of Love, by Martin Garrix"
20,0.659,0.625,4,-2.253,1,0.045,0.0644,0.0,0.582,0.442,88.042,audio_features,4hPpVbbakQNv8YTHYaOJP4,spotify:track:4hPpVbbakQNv8YTHYaOJP4,https://api.spotify.com/v1/tracks/4hPpVbbakQNv8YTHYaOJP4,https://api.spotify.com/v1/audio-analysis/4hPpVbbakQNv8YTHYaOJP4,181824,4,One Thing Right,Marshmello,One Thing Right,"One Thing Right, by Marshmello"
21,0.687,0.785,1,-4.65,1,0.0333,0.327,0.0,0.203,0.655,106.046,audio_features,5ZSl6gDoV6bPPxzmLeneV9,spotify:track:5ZSl6gDoV6bPPxzmLeneV9,https://api.spotify.com/v1/tracks/5ZSl6gDoV6bPPxzmLeneV9,https://api.spotify.com/v1/audio-analysis/5ZSl6gDoV6bPPxzmLeneV9,194408,4,Rise,Jonas Blue,Blue,"Rise, by Jonas Blue"
22,0.601,0.775,0,-4.612,1,0.0473,0.269,0.0,0.0883,0.483,119.964,audio_features,6jreFSOTUAViWjKyzOC4Kg,spotify:track:6jreFSOTUAViWjKyzOC4Kg,https://api.spotify.com/v1/tracks/6jreFSOTUAViWjKyzOC4Kg,https://api.spotify.com/v1/audio-analysis/6jreFSOTUAViWjKyzOC4Kg,190295,4,REMEDY,Alesso,REMEDY,"REMEDY, by Alesso"
23,0.738,0.713,1,-5.977,0,0.0444,0.0999,1.06e-06,0.0542,0.49,126.077,audio_features,3J3EdH1ZgXqk1ROTzQOF0U,spotify:track:3J3EdH1ZgXqk1ROTzQOF0U,https://api.spotify.com/v1/tracks/3J3EdH1ZgXqk1ROTzQOF0U,https://api.spotify.com/v1/audio-analysis/3J3EdH1ZgXqk1ROTzQOF0U,189266,4,When The Lights Go Down (feat. Cody Simpson),DVBBS,When The Lights Go Down (feat. Cody Simpson),"When The Lights Go Down (feat. Cody Simpson), by DVBBS"
24,0.404,0.806,2,-4.75,1,0.0496,0.198,0.0,0.114,0.112,148.036,audio_features,70YPzqSEwJvAIQ6nMs1cjY,spotify:track:70YPzqSEwJvAIQ6nMs1cjY,https://api.spotify.com/v1/tracks/70YPzqSEwJvAIQ6nMs1cjY,https://api.spotify.com/v1/audio-analysis/70YPzqSEwJvAIQ6nMs1cjY,220730,4,In Your Arms (with X Ambassadors),ILLENIUM,ASCEND,"In Your Arms (with X Ambassadors), by ILLENIUM"
25,0.732,0.956,2,-2.775,1,0.0708,0.017,6.99e-06,0.357,0.375,145.103,audio_features,244AoGCbxOWUhaRzTR7Spz,spotify:track:244AoGCbxOWUhaRzTR7Spz,https://api.spotify.com/v1/tracks/244AoGCbxOWUhaRzTR7Spz,https://api.spotify.com/v1/audio-analysis/244AoGCbxOWUhaRzTR7Spz,170807,4,Hitta (feat. Juicy J),Marshmello,Shockwave,"Hitta (feat. Juicy J), by Marshmello"
26,0.716,0.736,1,-5.18,0,0.0363,0.336,1.4e-05,0.137,0.542,104.018,audio_features,4OoYfejHABzYe2mG8p5s8b,spotify:track:4OoYfejHABzYe2mG8p5s8b,https://api.spotify.com/v1/tracks/4OoYfejHABzYe2mG8p5s8b,https://api.spotify.com/v1/audio-analysis/4OoYfejHABzYe2mG8p5s8b,203953,4,Higher (feat. iann dior),Clean Bandit,Higher (feat. iann dior),"Higher (feat. iann dior), by Clean Bandit"
27,0.652,0.898,7,-4.481,0,0.0361,0.29,0.0,0.073,0.472,114.043,audio_features,49COPp81lGS9Hl9OwKlsKl,spotify:track:49COPp81lGS9Hl9OwKlsKl,https://api.spotify.com/v1/tracks/49COPp81lGS9Hl9OwKlsKl,https://api.spotify.com/v1/audio-analysis/49COPp81lGS9Hl9OwKlsKl,193377,4,Polaroid,Jonas Blue,Blue,"Polaroid, by Jonas Blue"
28,0.879,0.665,11,-6.082,0,0.145,0.164,0.0,0.319,0.672,123.977,audio_features,4DJORZgsbqnEJ4f4B9TBGV,spotify:track:4DJORZgsbqnEJ4f4B9TBGV,https://api.spotify.com/v1/tracks/4DJORZgsbqnEJ4f4B9TBGV,https://api.spotify.com/v1/audio-analysis/4DJORZgsbqnEJ4f4B9TBGV,212573,4,You Don't Know Me (feat. RAYE),Jax Jones,Snacks,"You Don't Know Me (feat. RAYE), by Jax Jones"
29,0.676,0.731,8,-5.325,0,0.0948,0.0162,0.0,0.126,0.753,123.993,audio_features,6VBLbFCArFuTTEXFlQFZZs,spotify:track:6VBLbFCArFuTTEXFlQFZZs,https://api.spotify.com/v1/tracks/6VBLbFCArFuTTEXFlQFZZs,https://api.spotify.com/v1/audio-analysis/6VBLbFCArFuTTEXFlQFZZs,165859,4,Alien,Galantis,Alien,"Alien, by Galantis"
30,0.664,0.66,5,-4.646,1,0.0243,0.512,0.0,0.26,0.355,99.946,audio_features,4FYbo4yQzu3hGkj2Ix4ucW,spotify:track:4FYbo4yQzu3hGkj2Ix4ucW,https://api.spotify.com/v1/tracks/4FYbo4yQzu3hGkj2Ix4ucW,https://api.spotify.com/v1/audio-analysis/4FYbo4yQzu3hGkj2Ix4ucW,221466,4,Funny,Zedd,Funny,"Funny, by Zedd"
31,0.618,0.98,9,-0.842,0,0.0777,0.0266,0.516,0.328,0.488,140.003,audio_features,29Dvkvp7Wgd1VJdDvVJlvf,spotify:track:29Dvkvp7Wgd1VJdDvVJlvf,https://api.spotify.com/v1/tracks/29Dvkvp7Wgd1VJdDvVJlvf,https://api.spotify.com/v1/audio-analysis/29Dvkvp7Wgd1VJdDvVJlvf,171429,4,Crusade,Marshmello,Crusade,"Crusade, by Marshmello"
32,0.614,0.647,0,-4.681,0,0.0524,0.0687,0.0,0.104,0.368,163.862,audio_features,1HimGOB6BjOaCQYMIF1xtU,spotify:track:1HimGOB6BjOaCQYMIF1xtU,https://api.spotify.com/v1/tracks/1HimGOB6BjOaCQYMIF1xtU,https://api.spotify.com/v1/audio-analysis/1HimGOB6BjOaCQYMIF1xtU,184665,4,What Am I,Why Don't We,What Am I,"What Am I, by Why Don't We"
33,0.73,0.861,1,-4.1,1,0.0451,0.39,0.0,0.213,0.704,117.965,audio_features,3P3pw6C19j31Rnzgo3JG7o,spotify:track:3P3pw6C19j31Rnzgo3JG7o,https://api.spotify.com/v1/tracks/3P3pw6C19j31Rnzgo3JG7o,https://api.spotify.com/v1/audio-analysis/3P3pw6C19j31Rnzgo3JG7o,196613,4,Perfect Strangers,Jonas Blue,Blue,"Perfect Strangers, by Jonas Blue"
34,0.637,0.813,7,-5.199,1,0.0544,0.0289,0.0,0.0906,0.429,122.963,audio_features,3ZCLZ1tQf9Pcl2UO8s6JnN,spotify:track:3ZCLZ1tQf9Pcl2UO8s6JnN,https://api.spotify.com/v1/tracks/3ZCLZ1tQf9Pcl2UO8s6JnN,https://api.spotify.com/v1/audio-analysis/3ZCLZ1tQf9Pcl2UO8s6JnN,155122,4,By Your Side,Mike Perry,By Your Side,"By Your Side, by Mike Perry"
35,0.665,0.699,11,-5.265,1,0.0578,0.423,0.0,0.0969,0.585,124.896,audio_features,5tAa8Uaqr4VvA3693mbIhU,spotify:track:5tAa8Uaqr4VvA3693mbIhU,https://api.spotify.com/v1/tracks/5tAa8Uaqr4VvA3693mbIhU,https://api.spotify.com/v1/audio-analysis/5tAa8Uaqr4VvA3693mbIhU,190932,4,Ruin My Life,Zara Larsson,Ruin My Life,"Ruin My Life, by Zara Larsson"
36,0.704,0.907,10,-3.95,0,0.0672,0.0292,0.0,0.195,0.657,141.988,audio_features,6pbhkfdG5RvTJaC3VKPaJn,spotify:track:6pbhkfdG5RvTJaC3VKPaJn,https://api.spotify.com/v1/tracks/6pbhkfdG5RvTJaC3VKPaJn,https://api.spotify.com/v1/audio-analysis/6pbhkfdG5RvTJaC3VKPaJn,177465,4,Rooftops,Marshmello,Joytime II,"Rooftops, by Marshmello"
37,0.4,0.485,8,-7.145,0,0.0369,0.0789,0.0,0.135,0.211,159.909,audio_features,2qTtA6lgLLwfuYphfT4f8C,spotify:track:2qTtA6lgLLwfuYphfT4f8C,https://api.spotify.com/v1/tracks/2qTtA6lgLLwfuYphfT4f8C,https://api.spotify.com/v1/audio-analysis/2qTtA6lgLLwfuYphfT4f8C,216125,3,Walk Me Home,Said The Sky,Walk Me Home,"Walk Me Home, by Said The Sky"
38,0.521,0.892,3,-4.029,1,0.0433,0.0539,0.0,0.117,0.369,96.991,audio_features,1g7j5AxiNKTGjryhFIlAsA,spotify:track:1g7j5AxiNKTGjryhFIlAsA,https://api.spotify.com/v1/tracks/1g7j5AxiNKTGjryhFIlAsA,https://api.spotify.com/v1/audio-analysis/1g7j5AxiNKTGjryhFIlAsA,191124,4,Story Of My Life (feat. Trippie Redd),ILLENIUM,Story Of My Life (feat. Trippie Redd),"Story Of My Life (feat. Trippie Redd), by ILLENIUM"
39,0.628,0.833,11,-4.126,0,0.0282,0.0079,1.48e-05,0.074,0.56,128.003,audio_features,2ISSQPb9LHHiV6ng2NXosL,spotify:track:2ISSQPb9LHHiV6ng2NXosL,https://api.spotify.com/v1/tracks/2ISSQPb9LHHiV6ng2NXosL,https://api.spotify.com/v1/audio-analysis/2ISSQPb9LHHiV6ng2NXosL,218293,4,Beautiful Now,Zedd,True Colors,"Beautiful Now, by Zedd"
40,0.617,0.759,0,-6.785,0,0.0678,0.0026,0.0,0.419,0.324,122.924,audio_features,36phXHOKx8rO7CMp2vNX4x,spotify:track:36phXHOKx8rO7CMp2vNX4x,https://api.spotify.com/v1/tracks/36phXHOKx8rO7CMp2vNX4x,https://api.spotify.com/v1/audio-analysis/36phXHOKx8rO7CMp2vNX4x,218773,4,Love Myself,Hailee Steinfeld,HAIZ,"Love Myself, by Hailee Steinfeld"
41,0.546,0.822,7,-4.483,1,0.151,0.0145,0.0,0.742,0.615,150.06,audio_features,6VrCmhRBFnuGKmtNfk4jDs,spotify:track:6VrCmhRBFnuGKmtNfk4jDs,https://api.spotify.com/v1/tracks/6VrCmhRBFnuGKmtNfk4jDs,https://api.spotify.com/v1/audio-analysis/6VrCmhRBFnuGKmtNfk4jDs,177600,4,Spotlight,Marshmello,Spotlight,"Spotlight, by Marshmello"
42,0.46,0.8,1,-3.584,1,0.05,0.289,6.16e-06,0.121,0.553,102.46,audio_features,4NSW0Km5ZG60L8FthUebPJ,spotify:track:4NSW0Km5ZG60L8FthUebPJ,https://api.spotify.com/v1/tracks/4NSW0Km5ZG60L8FthUebPJ,https://api.spotify.com/v1/audio-analysis/4NSW0Km5ZG60L8FthUebPJ,220396,4,What I Like About You (feat. Theresa Rex),Jonas Blue,What I Like About You (feat. Theresa Rex),"What I Like About You (feat. Theresa Rex), by Jonas Blue"
43,0.68,0.85,10,-2.785,1,0.0661,0.207,1.98e-06,0.339,0.71,124.942,audio_features,1qp0ptMXNg9hqLH8sk7cc2,spotify:track:1qp0ptMXNg9hqLH8sk7cc2,https://api.spotify.com/v1/tracks/1qp0ptMXNg9hqLH8sk7cc2,https://api.spotify.com/v1/audio-analysis/1qp0ptMXNg9hqLH8sk7cc2,202213,4,Sweet Lovin' - Radio Edit,Sigala,Brighter Days,"Sweet Lovin' - Radio Edit, by Sigala"
44,0.818,0.823,11,-3.563,0,0.2,0.0663,1.17e-05,0.133,0.52,128.136,audio_features,7N06jo3EnV792VFaG8vuW6,spotify:track:7N06jo3EnV792VFaG8vuW6,https://api.spotify.com/v1/tracks/7N06jo3EnV792VFaG8vuW6,https://api.spotify.com/v1/audio-analysis/7N06jo3EnV792VFaG8vuW6,160794,4,Close Your Eyes,Felix Jaehn,Close Your Eyes,"Close Your Eyes, by Felix Jaehn"
45,0.661,0.725,6,-4.859,1,0.0563,0.0253,0.0,0.123,0.605,119.927,audio_features,18W92Zm1KjLCbUIszOhpkD,spotify:track:18W92Zm1KjLCbUIszOhpkD,https://api.spotify.com/v1/tracks/18W92Zm1KjLCbUIszOhpkD,https://api.spotify.com/v1/audio-analysis/18W92Zm1KjLCbUIszOhpkD,197939,4,I Wanna Know (feat. Bea Miller),NOTD,I Wanna Know (feat. Bea Miller),"I Wanna Know (feat. Bea Miller), by NOTD"
46,0.726,0.876,1,-4.204,1,0.16,0.0331,0.00569,0.0658,0.569,75.026,audio_features,3LuKDSqL4z1BL8HjSwxh5b,spotify:track:3LuKDSqL4z1BL8HjSwxh5b,https://api.spotify.com/v1/tracks/3LuKDSqL4z1BL8HjSwxh5b,https://api.spotify.com/v1/audio-analysis/3LuKDSqL4z1BL8HjSwxh5b,205127,4,House Party,Marshmello,Shockwave,"House Party, by Marshmello"
47,0.713,0.802,4,-7.055,1,0.0561,0.0435,0.00377,0.309,0.343,100.001,audio_features,3vv9phIu6Y1vX3jcqaGz5Z,spotify:track:3vv9phIu6Y1vX3jcqaGz5Z,https://api.spotify.com/v1/tracks/3vv9phIu6Y1vX3jcqaGz5Z,https://api.spotify.com/v1/audio-analysis/3vv9phIu6Y1vX3jcqaGz5Z,226739,4,Roses,The Chainsmokers,Roses,"Roses, by The Chainsmokers"
48,0.567,0.765,1,-4.107,0,0.108,0.317,0.0,0.14,0.541,121.924,audio_features,5naYe7rLMZcLfO1DKg48MK,spotify:track:5naYe7rLMZcLfO1DKg48MK,https://api.spotify.com/v1/tracks/5naYe7rLMZcLfO1DKg48MK,https://api.spotify.com/v1/audio-analysis/5naYe7rLMZcLfO1DKg48MK,169467,4,All Day And Night,Jax Jones,Snacks,"All Day And Night, by Jax Jones"
49,0.606,0.853,5,-4.601,0,0.0392,0.00673,1.19e-06,0.241,0.333,122.001,audio_features,4hsRzEQg0t9qgtB4iXEGB5,spotify:track:4hsRzEQg0t9qgtB4iXEGB5,https://api.spotify.com/v1/tracks/4hsRzEQg0t9qgtB4iXEGB5,https://api.spotify.com/v1/audio-analysis/4hsRzEQg0t9qgtB4iXEGB5,185016,4,Running,Martin Jensen,Running,"Running, by Martin Jensen"
50,0.79,0.647,10,-5.983,0,0.136,0.0515,0.0,0.248,0.654,87.999,audio_features,4EWCNWgDS8707fNSZ1oaA5,spotify:track:4EWCNWgDS8707fNSZ1oaA5,https://api.spotify.com/v1/tracks/4EWCNWgDS8707fNSZ1oaA5,https://api.spotify.com/v1/audio-analysis/4EWCNWgDS8707fNSZ1oaA5,211000,4,Heartless,Kanye West,808s & Heartbreak,"Heartless, by Kanye West"
51,0.8,0.545,1,-7.002,0,0.126,0.00373,0.000507,0.0445,0.292,119.965,audio_features,3WWAvWDBQANpJeNbvVbjMg,spotify:track:3WWAvWDBQANpJeNbvVbjMg,https://api.spotify.com/v1/tracks/3WWAvWDBQANpJeNbvVbjMg,https://api.spotify.com/v1/audio-analysis/3WWAvWDBQANpJeNbvVbjMg,269840,4,Heartbeat,Childish Gambino,Camp,"Heartbeat, by Childish Gambino"
52,0.629,0.676,1,-7.088,0,0.191,0.53,0.000325,0.701,0.497,90.377,audio_features,7umZiitjVsEjMQ6HNddpUI,spotify:track:7umZiitjVsEjMQ6HNddpUI,https://api.spotify.com/v1/tracks/7umZiitjVsEjMQ6HNddpUI,https://api.spotify.com/v1/audio-analysis/7umZiitjVsEjMQ6HNddpUI,152041,4,Love Is Only a Feeling,Joey Bada$$,Love Is Only a Feeling,"Love Is Only a Feeling, by Joey Bada$$"
53,0.83,0.564,1,-7.822,1,0.235,0.177,0.0,0.128,0.107,85.042,audio_features,5FkoSXiJPKTNyYgALRJFhD,spotify:track:5FkoSXiJPKTNyYgALRJFhD,https://api.spotify.com/v1/tracks/5FkoSXiJPKTNyYgALRJFhD,https://api.spotify.com/v1/audio-analysis/5FkoSXiJPKTNyYgALRJFhD,129882,4,ORANGE SODA,Baby Keem,DIE FOR MY BITCH,"ORANGE SODA, by Baby Keem"
54,0.695,0.343,5,-10.798,1,0.0432,0.0743,1.04e-06,0.107,0.229,85.84,audio_features,35RJhm1pEovTBwnNR0zWad,spotify:track:35RJhm1pEovTBwnNR0zWad,https://api.spotify.com/v1/tracks/35RJhm1pEovTBwnNR0zWad,https://api.spotify.com/v1/audio-analysis/35RJhm1pEovTBwnNR0zWad,218902,4,GREECE (feat. Drake),DJ Khaled,GREECE (feat. Drake),"GREECE (feat. Drake), by DJ Khaled"
55,0.798,0.545,1,-6.466,1,0.168,0.00904,9.48e-05,0.258,0.212,118.029,audio_features,0WSEq9Ko4kFPt8yo3ICd6T,spotify:track:0WSEq9Ko4kFPt8yo3ICd6T,https://api.spotify.com/v1/tracks/0WSEq9Ko4kFPt8yo3ICd6T,https://api.spotify.com/v1/audio-analysis/0WSEq9Ko4kFPt8yo3ICd6T,226653,4,Praise God,Kanye West,Donda,"Praise God, by Kanye West"
56,0.94,0.335,5,-10.179,0,0.505,0.17,0.0,0.262,0.707,120.04,audio_features,5hTpBe8h35rJ67eAWHQsJx,spotify:track:5hTpBe8h35rJ67eAWHQsJx,https://api.spotify.com/v1/tracks/5hTpBe8h35rJ67eAWHQsJx,https://api.spotify.com/v1/audio-analysis/5hTpBe8h35rJ67eAWHQsJx,209640,4,Caroline,Aminé,Good For You,"Caroline, by Aminé"
57,0.789,0.858,1,-5.542,1,0.311,0.127,0.0,0.349,0.775,140.022,audio_features,4Li2WHPkuyCdtmokzW2007,spotify:track:4Li2WHPkuyCdtmokzW2007,https://api.spotify.com/v1/tracks/4Li2WHPkuyCdtmokzW2007,https://api.spotify.com/v1/audio-analysis/4Li2WHPkuyCdtmokzW2007,219333,4,Ni**as In Paris,JAY-Z,Watch The Throne (Deluxe),"Ni**as In Paris, by JAY-Z"
58,0.516,0.546,5,-9.105,1,0.249,0.814,4.5e-06,0.0995,0.515,78.267,audio_features,4gT3mNJA8lnlkYFqGZ8IA2,spotify:track:4gT3mNJA8lnlkYFqGZ8IA2,https://api.spotify.com/v1/tracks/4gT3mNJA8lnlkYFqGZ8IA2,https://api.spotify.com/v1/audio-analysis/4gT3mNJA8lnlkYFqGZ8IA2,271733,4,Small Worlds,Mac Miller,Swimming,"Small Worlds, by Mac Miller"
59,0.677,0.638,8,-8.631,1,0.333,0.589,0.0,0.193,0.435,82.81,audio_features,2e3Ea0o24lReQFR4FA7yXH,spotify:track:2e3Ea0o24lReQFR4FA7yXH,https://api.spotify.com/v1/tracks/2e3Ea0o24lReQFR4FA7yXH,https://api.spotify.com/v1/audio-analysis/2e3Ea0o24lReQFR4FA7yXH,211497,4,Love Yourz,J. Cole,2014 Forest Hills Drive,"Love Yourz, by J. Cole"
60,0.542,0.914,0,-4.747,0,0.113,0.0161,0.0,0.744,0.576,153.993,audio_features,2gZUPNdnz5Y45eiGxpHGSc,spotify:track:2gZUPNdnz5Y45eiGxpHGSc,https://api.spotify.com/v1/tracks/2gZUPNdnz5Y45eiGxpHGSc,https://api.spotify.com/v1/audio-analysis/2gZUPNdnz5Y45eiGxpHGSc,292093,4,POWER,Kanye West,My Beautiful Dark Twisted Fantasy,"POWER, by Kanye West"
61,0.701,0.782,1,-4.987,1,0.138,0.0918,2.31e-06,0.124,0.57,94.03,audio_features,1Is8hGpkGMiePASAxBluxM,spotify:track:1Is8hGpkGMiePASAxBluxM,https://api.spotify.com/v1/tracks/1Is8hGpkGMiePASAxBluxM,https://api.spotify.com/v1/audio-analysis/1Is8hGpkGMiePASAxBluxM,156040,4,16,Baby Keem,The Melodic Blue,"16, by Baby Keem"
62,0.599,0.667,7,-4.267,1,0.0367,0.0533,0.0,0.134,0.817,80.984,audio_features,1jYiIOC5d6soxkJP81fxq2,spotify:track:1jYiIOC5d6soxkJP81fxq2,https://api.spotify.com/v1/tracks/1jYiIOC5d6soxkJP81fxq2,https://api.spotify.com/v1/audio-analysis/1jYiIOC5d6soxkJP81fxq2,288877,4,"I'm the One (feat. Justin Bieber, Quavo, Chance the Rapper & Lil Wayne)",DJ Khaled,Grateful,"I'm the One (feat. Justin Bieber, Quavo, Chance the Rapper & Lil Wayne), by DJ Khaled"
63,0.802,0.785,9,-4.781,1,0.207,0.14,0.0,0.123,0.435,99.998,audio_features,2wGSgTmgSF3xjRrHkTc25R,spotify:track:2wGSgTmgSF3xjRrHkTc25R,https://api.spotify.com/v1/tracks/2wGSgTmgSF3xjRrHkTc25R,https://api.spotify.com/v1/audio-analysis/2wGSgTmgSF3xjRrHkTc25R,206400,4,Hate It Or Love It,The Game,The Documentary,"Hate It Or Love It, by The Game"
64,0.674,0.506,6,-10.532,1,0.0434,0.173,0.0,0.0866,0.183,145.965,audio_features,5WoaF1B5XIEnWfmb5NZikf,spotify:track:5WoaF1B5XIEnWfmb5NZikf,https://api.spotify.com/v1/tracks/5WoaF1B5XIEnWfmb5NZikf,https://api.spotify.com/v1/audio-analysis/5WoaF1B5XIEnWfmb5NZikf,259333,4,Sky Walker (feat. Travis Scott),Miguel,War & Leisure,"Sky Walker (feat. Travis Scott), by Miguel"
65,0.766,0.809,1,-6.123,1,0.279,0.0011,0.0,0.168,0.325,130.127,audio_features,722tgOgdIbNe3BEyLnejw4,spotify:track:722tgOgdIbNe3BEyLnejw4,https://api.spotify.com/v1/tracks/722tgOgdIbNe3BEyLnejw4,https://api.spotify.com/v1/audio-analysis/722tgOgdIbNe3BEyLnejw4,188013,4,Black Skinhead,Kanye West,Yeezus,"Black Skinhead, by Kanye West"
66,0.554,0.498,9,-8.866,1,0.0685,0.23,5.98e-06,0.795,0.413,79.635,audio_features,5hVghJ4KaYES3BFUATCYn0,spotify:track:5hVghJ4KaYES3BFUATCYn0,https://api.spotify.com/v1/tracks/5hVghJ4KaYES3BFUATCYn0,https://api.spotify.com/v1/audio-analysis/5hVghJ4KaYES3BFUATCYn0,190067,4,EARFQUAKE,"Tyler, The Creator",IGOR,"EARFQUAKE, by Tyler, The Creator"
67,0.667,0.582,11,-5.791,0,0.267,0.00466,0.0,0.124,0.141,121.972,audio_features,0UTyLmkQgPOEIz95OVAJTR,spotify:track:0UTyLmkQgPOEIz95OVAJTR,https://api.spotify.com/v1/tracks/0UTyLmkQgPOEIz95OVAJTR,https://api.spotify.com/v1/audio-analysis/0UTyLmkQgPOEIz95OVAJTR,316733,4,range brothers (with Kendrick Lamar),Baby Keem,The Melodic Blue,"range brothers (with Kendrick Lamar), by Baby Keem"
68,0.744,0.715,0,-6.103,1,0.351,0.101,0.0,0.0919,0.34,154.962,audio_features,7zxRMhXxJMQCeDDg0rKAVo,spotify:track:7zxRMhXxJMQCeDDg0rKAVo,https://api.spotify.com/v1/tracks/7zxRMhXxJMQCeDDg0rKAVo,https://api.spotify.com/v1/audio-analysis/7zxRMhXxJMQCeDDg0rKAVo,179773,4,Some Way,NAV,NAV,"Some Way, by NAV"
69,0.825,0.575,11,-4.87,1,0.0633,0.025,9.94e-06,0.205,0.65,153.954,audio_features,0zO8ctW0UiuOefR87OeJOZ,spotify:track:0zO8ctW0UiuOefR87OeJOZ,https://api.spotify.com/v1/tracks/0zO8ctW0UiuOefR87OeJOZ,https://api.spotify.com/v1/audio-analysis/0zO8ctW0UiuOefR87OeJOZ,299960,4,Collard Greens,ScHoolboy Q,Oxymoron (Deluxe),"Collard Greens, by ScHoolboy Q"
70,0.546,0.64,8,-5.582,1,0.37,0.0438,0.0,0.137,0.63,137.728,audio_features,6LNoArVBBVZzUTUiAX2aKO,spotify:track:6LNoArVBBVZzUTUiAX2aKO,https://api.spotify.com/v1/tracks/6LNoArVBBVZzUTUiAX2aKO,https://api.spotify.com/v1/audio-analysis/6LNoArVBBVZzUTUiAX2aKO,339250,4,Off The Grid,Kanye West,Donda,"Off The Grid, by Kanye West"
71,0.665,0.535,4,-7.056,0,0.0572,0.0786,1.68e-05,0.154,0.37,138.842,audio_features,6IZvVAP7VPPnsGX6bvgkqg,spotify:track:6IZvVAP7VPPnsGX6bvgkqg,https://api.spotify.com/v1/tracks/6IZvVAP7VPPnsGX6bvgkqg,https://api.spotify.com/v1/audio-analysis/6IZvVAP7VPPnsGX6bvgkqg,275253,4,PRIDE.,Kendrick Lamar,DAMN.,"PRIDE., by Kendrick Lamar"
72,0.877,0.529,0,-6.235,0,0.0461,0.479,0.00159,0.094,0.422,104.984,audio_features,6WGTfHSQtUcEx5vgpxTLCs,spotify:track:6WGTfHSQtUcEx5vgpxTLCs,https://api.spotify.com/v1/tracks/6WGTfHSQtUcEx5vgpxTLCs,https://api.spotify.com/v1/audio-analysis/6WGTfHSQtUcEx5vgpxTLCs,281120,4,LOYAL (feat. Drake and Bad Bunny) - Remix,PARTYNEXTDOOR,PARTYMOBILE,"LOYAL (feat. Drake and Bad Bunny) - Remix, by PARTYNEXTDOOR"
73,0.772,0.413,0,-8.193,0,0.089,0.0361,0.0,0.111,0.211,131.965,audio_features,4IowQDUOzUvNtp72HMDcKO,spotify:track:4IowQDUOzUvNtp72HMDcKO,https://api.spotify.com/v1/tracks/4IowQDUOzUvNtp72HMDcKO,https://api.spotify.com/v1/audio-analysis/4IowQDUOzUvNtp72HMDcKO,246213,4,Love Sosa,Chief Keef,Finally Rich (Deluxe),"Love Sosa, by Chief Keef"
74,0.829,0.428,0,-9.469,1,0.0831,0.056,0.00413,0.137,0.45,148.075,audio_features,4P7VFiaZb3xrXoqGwZXC3J,spotify:track:4P7VFiaZb3xrXoqGwZXC3J,https://api.spotify.com/v1/tracks/4P7VFiaZb3xrXoqGwZXC3J,https://api.spotify.com/v1/audio-analysis/4P7VFiaZb3xrXoqGwZXC3J,299333,4,Lollipop,Lil Wayne,Tha Carter III,"Lollipop, by Lil Wayne"
75,0.374,0.568,1,-3.825,0,0.109,0.219,0.00219,0.513,0.111,84.733,audio_features,3DK6m7It6Pw857FcQftMds,spotify:track:3DK6m7It6Pw857FcQftMds,https://api.spotify.com/v1/tracks/3DK6m7It6Pw857FcQftMds,https://api.spotify.com/v1/audio-analysis/3DK6m7It6Pw857FcQftMds,547733,4,Runaway,Kanye West,My Beautiful Dark Twisted Fantasy,"Runaway, by Kanye West"
76,0.721,0.508,7,-7.496,1,0.394,0.317,0.0,0.153,0.457,159.911,audio_features,5R2rsbwCDXORX2tLfprRmM,spotify:track:5R2rsbwCDXORX2tLfprRmM,https://api.spotify.com/v1/tracks/5R2rsbwCDXORX2tLfprRmM,https://api.spotify.com/v1/audio-analysis/5R2rsbwCDXORX2tLfprRmM,166343,4,Yacht Club (feat. Juice WRLD),Lil Yachty,Nuthin' 2 Prove,"Yacht Club (feat. Juice WRLD), by Lil Yachty"
77,0.742,0.553,8,-8.98,1,0.419,0.389,0.0,0.0694,0.508,84.931,audio_features,2hwOoMtWPtTSSn6WHV7Vp5,spotify:track:2hwOoMtWPtTSSn6WHV7Vp5,https://api.spotify.com/v1/tracks/2hwOoMtWPtTSSn6WHV7Vp5,https://api.spotify.com/v1/audio-analysis/2hwOoMtWPtTSSn6WHV7Vp5,209440,4,Blue World,Mac Miller,Circles,"Blue World, by Mac Miller"
78,0.681,0.63,1,-5.585,1,0.0385,0.00383,0.0,0.139,0.183,151.951,audio_features,3J4VKkUpLvomXJbn9ZAypO,spotify:track:3J4VKkUpLvomXJbn9ZAypO,https://api.spotify.com/v1/tracks/3J4VKkUpLvomXJbn9ZAypO,https://api.spotify.com/v1/audio-analysis/3J4VKkUpLvomXJbn9ZAypO,161053,4,Sharing Locations (feat. Lil Baby & Lil Durk),Meek Mill,Sharing Locations (feat. Lil Baby & Lil Durk),"Sharing Locations (feat. Lil Baby & Lil Durk), by Meek Mill"
79,0.645,0.705,1,-5.008,1,0.299,0.000813,0.0,0.128,0.376,137.133,audio_features,51rXHuKN8Loc4sUlKPODgH,spotify:track:51rXHuKN8Loc4sUlKPODgH,https://api.spotify.com/v1/tracks/51rXHuKN8Loc4sUlKPODgH,https://api.spotify.com/v1/audio-analysis/51rXHuKN8Loc4sUlKPODgH,229670,4,"King's Dead (with Kendrick Lamar, Future & James Blake)",Jay Rock,"King's Dead (with Kendrick Lamar, Future & James Blake)","King's Dead (with Kendrick Lamar, Future & James Blake), by Jay Rock"
80,0.592,0.403,0,-8.768,0,0.414,0.62,0.0,0.54,0.391,105.169,audio_features,1eQBEelI2NCy7AUTerX0KS,spotify:track:1eQBEelI2NCy7AUTerX0KS,https://api.spotify.com/v1/tracks/1eQBEelI2NCy7AUTerX0KS,https://api.spotify.com/v1/audio-analysis/1eQBEelI2NCy7AUTerX0KS,320680,4,Ultralight Beam,Kanye West,The Life Of Pablo,"Ultralight Beam, by Kanye West"
81,0.585,0.597,0,-7.499,1,0.037,0.339,0.0404,0.195,0.227,100.051,audio_features,4RVbK6cV0VqWdpCDcx3hiT,spotify:track:4RVbK6cV0VqWdpCDcx3hiT,https://api.spotify.com/v1/tracks/4RVbK6cV0VqWdpCDcx3hiT,https://api.spotify.com/v1/audio-analysis/4RVbK6cV0VqWdpCDcx3hiT,324674,4,Reborn,KIDS SEE GHOSTS,KIDS SEE GHOSTS,"Reborn, by KIDS SEE GHOSTS"
82,0.477,0.727,2,-4.053,1,0.286,0.000866,0.0,0.108,0.227,150.062,audio_features,1EJIcDYXwSqipW5dFe4uJz,spotify:track:1EJIcDYXwSqipW5dFe4uJz,https://api.spotify.com/v1/tracks/1EJIcDYXwSqipW5dFe4uJz,https://api.spotify.com/v1/audio-analysis/1EJIcDYXwSqipW5dFe4uJz,236524,4,EVERY CHANCE I GET (feat. Lil Baby & Lil Durk),DJ Khaled,KHALED KHALED,"EVERY CHANCE I GET (feat. Lil Baby & Lil Durk), by DJ Khaled"
83,0.598,0.252,2,-15.086,1,0.0644,0.194,0.133,0.0992,0.0352,120.064,audio_features,4S7YHmlWwfwArgd8LfSPud,spotify:track:4S7YHmlWwfwArgd8LfSPud,https://api.spotify.com/v1/tracks/4S7YHmlWwfwArgd8LfSPud,https://api.spotify.com/v1/audio-analysis/4S7YHmlWwfwArgd8LfSPud,238307,4,L$D,A$AP Rocky,AT.LONG.LAST.A$AP,"L$D, by A$AP Rocky"
84,0.524,0.674,1,-7.038,0,0.0895,0.00654,9.3e-05,0.221,0.128,102.901,audio_features,0mCVNGC4Vvb6gDDQrDpaRh,spotify:track:0mCVNGC4Vvb6gDDQrDpaRh,https://api.spotify.com/v1/tracks/0mCVNGC4Vvb6gDDQrDpaRh,https://api.spotify.com/v1/audio-analysis/0mCVNGC4Vvb6gDDQrDpaRh,317293,4,Les,Childish Gambino,Camp,"Les, by Childish Gambino"
85,0.628,0.692,2,-5.64,1,0.202,0.00244,0.0129,0.668,0.0963,124.887,audio_features,1ZHYJ2Wwgxes4m8Ba88PeK,spotify:track:1ZHYJ2Wwgxes4m8Ba88PeK,https://api.spotify.com/v1/tracks/1ZHYJ2Wwgxes4m8Ba88PeK,https://api.spotify.com/v1/audio-analysis/1ZHYJ2Wwgxes4m8Ba88PeK,378893,5,Monster,Kanye West,My Beautiful Dark Twisted Fantasy,"Monster, by Kanye West"
86,0.721,0.339,0,-11.195,1,0.0532,0.409,0.00153,0.0973,0.2,129.83,audio_features,7DfFc7a6Rwfi3YQMRbDMau,spotify:track:7DfFc7a6Rwfi3YQMRbDMau,https://api.spotify.com/v1/tracks/7DfFc7a6Rwfi3YQMRbDMau,https://api.spotify.com/v1/audio-analysis/7DfFc7a6Rwfi3YQMRbDMau,200747,4,Thinkin Bout You,Frank Ocean,channel ORANGE,"Thinkin Bout You, by Frank Ocean"
87,0.779,0.572,6,-9.985,0,0.378,0.157,0.0,0.246,0.647,135.956,audio_features,2P3SLxeQHPqh8qKB6gtJY2,spotify:track:2P3SLxeQHPqh8qKB6gtJY2,https://api.spotify.com/v1/tracks/2P3SLxeQHPqh8qKB6gtJY2,https://api.spotify.com/v1/audio-analysis/2P3SLxeQHPqh8qKB6gtJY2,300160,4,Poetic Justice,Kendrick Lamar,"good kid, m.A.A.d city (Deluxe)","Poetic Justice, by Kendrick Lamar"
88,0.687,0.631,9,-5.612,1,0.129,0.063,0.0,0.108,0.853,186.071,audio_features,6XkuklKiHYVTlVvWlTgQYP,spotify:track:6XkuklKiHYVTlVvWlTgQYP,https://api.spotify.com/v1/tracks/6XkuklKiHYVTlVvWlTgQYP,https://api.spotify.com/v1/audio-analysis/6XkuklKiHYVTlVvWlTgQYP,192253,4,Erase Me - Main,Kid Cudi,Man On The Moon II: The Legend Of Mr. Rager,"Erase Me - Main, by Kid Cudi"
89,0.737,0.597,7,-7.333,1,0.119,0.292,0.0,0.13,0.449,92.049,audio_features,5oady7OSE7dH7LHiqmb3Cr,spotify:track:5oady7OSE7dH7LHiqmb3Cr,https://api.spotify.com/v1/tracks/5oady7OSE7dH7LHiqmb3Cr,https://api.spotify.com/v1/audio-analysis/5oady7OSE7dH7LHiqmb3Cr,222987,4,"Dreams, Fairytales, Fantasies (feat. Brent Faiyaz & Salaam Remi)",A$AP Ferg,Floor Seats,"Dreams, Fairytales, Fantasies (feat. Brent Faiyaz & Salaam Remi), by A$AP Ferg"
90,0.458,0.571,4,-6.739,1,0.0949,0.535,0.000305,0.0846,0.586,110.013,audio_features,6d8HN8MqqbqrEUI2bvx0aG,spotify:track:6d8HN8MqqbqrEUI2bvx0aG,https://api.spotify.com/v1/tracks/6d8HN8MqqbqrEUI2bvx0aG,https://api.spotify.com/v1/audio-analysis/6d8HN8MqqbqrEUI2bvx0aG,297000,4,Jail,Kanye West,Donda,"Jail, by Kanye West"
91,0.754,0.342,10,-8.677,0,0.0991,0.073,0.0,0.193,0.423,128.981,audio_features,5qHirGR7M9tdm6C17DlzSY,spotify:track:5qHirGR7M9tdm6C17DlzSY,https://api.spotify.com/v1/tracks/5qHirGR7M9tdm6C17DlzSY,https://api.spotify.com/v1/audio-analysis/5qHirGR7M9tdm6C17DlzSY,121347,4,REEL IT IN,Aminé,ONEPOINTFIVE,"REEL IT IN, by Aminé"
92,0.55,0.596,7,-8.214,1,0.134,0.162,0.00481,0.0805,0.253,165.736,audio_features,7p4vHnYXkxlzvfePJVpcTr,spotify:track:7p4vHnYXkxlzvfePJVpcTr,https://api.spotify.com/v1/tracks/7p4vHnYXkxlzvfePJVpcTr,https://api.spotify.com/v1/audio-analysis/7p4vHnYXkxlzvfePJVpcTr,297404,4,Feels Like Summer,Childish Gambino,Summer Pack,"Feels Like Summer, by Childish Gambino"
93,0.587,0.698,1,-8.948,1,0.0943,0.0152,0.0,0.442,0.0985,133.954,audio_features,4Pwjz3DfvfQWV0rO2V8jyh,spotify:track:4Pwjz3DfvfQWV0rO2V8jyh,https://api.spotify.com/v1/tracks/4Pwjz3DfvfQWV0rO2V8jyh,https://api.spotify.com/v1/audio-analysis/4Pwjz3DfvfQWV0rO2V8jyh,310720,4,"Bitch, Don’t Kill My Vibe",Kendrick Lamar,"good kid, m.A.A.d city","Bitch, Don’t Kill My Vibe, by Kendrick Lamar"
94,0.493,0.653,0,-5.666,0,0.0466,0.269,0.0,0.511,0.852,142.347,audio_features,5B0kgjHULYJhAQkK5XsMoC,spotify:track:5B0kgjHULYJhAQkK5XsMoC,https://api.spotify.com/v1/tracks/5B0kgjHULYJhAQkK5XsMoC,https://api.spotify.com/v1/audio-analysis/5B0kgjHULYJhAQkK5XsMoC,121573,4,WUSYANAME (feat. Youngboy Never Broke Again & Ty Dolla $ign),"Tyler, The Creator",CALL ME IF YOU GET LOST,"WUSYANAME (feat. Youngboy Never Broke Again & Ty Dolla $ign), by Tyler, The Creator"
95,0.669,0.419,1,-6.724,0,0.522,0.376,0.0,0.187,0.0397,109.813,audio_features,3s7MCdXyWmwjdcWh7GWXas,spotify:track:3s7MCdXyWmwjdcWh7GWXas,https://api.spotify.com/v1/tracks/3s7MCdXyWmwjdcWh7GWXas,https://api.spotify.com/v1/audio-analysis/3s7MCdXyWmwjdcWh7GWXas,215320,4,Violent Crimes,Kanye West,ye,"Violent Crimes, by Kanye West"
96,0.711,0.611,1,-5.453,1,0.329,0.00575,0.0,0.231,0.144,134.14,audio_features,7Bpx2vsWfQFBACRz4h3IqH,spotify:track:7Bpx2vsWfQFBACRz4h3IqH,https://api.spotify.com/v1/tracks/7Bpx2vsWfQFBACRz4h3IqH,https://api.spotify.com/v1/audio-analysis/7Bpx2vsWfQFBACRz4h3IqH,252070,4,family ties (with Kendrick Lamar),Baby Keem,family ties (with Kendrick Lamar),"family ties (with Kendrick Lamar), by Baby Keem"
97,0.862,0.648,4,-7.401,0,0.251,0.0455,0.0,0.0332,0.637,98.012,audio_features,4PmMVdIFpJTB9WQbmILf4p,spotify:track:4PmMVdIFpJTB9WQbmILf4p,https://api.spotify.com/v1/tracks/4PmMVdIFpJTB9WQbmILf4p,https://api.spotify.com/v1/audio-analysis/4PmMVdIFpJTB9WQbmILf4p,235533,4,How We Do,The Game,The Documentary,"How We Do, by The Game"
98,0.856,0.841,6,-7.737,0,0.335,0.0977,0.0,0.0773,0.794,95.418,audio_features,7lT1dCz96jANsLAAADlfIg,spotify:track:7lT1dCz96jANsLAAADlfIg,https://api.spotify.com/v1/tracks/7lT1dCz96jANsLAAADlfIg,https://api.spotify.com/v1/audio-analysis/7lT1dCz96jANsLAAADlfIg,298053,4,Doomsday,MF DOOM,Operation: Doomsday (Complete),"Doomsday, by MF DOOM"
99,0.638,0.523,1,-6.664,1,0.357,0.00454,0.0,0.0842,0.422,139.913,audio_features,6HZILIRieu8S0iqY8kIKhj,spotify:track:6HZILIRieu8S0iqY8kIKhj,https://api.spotify.com/v1/tracks/6HZILIRieu8S0iqY8kIKhj,https://api.spotify.com/v1/audio-analysis/6HZILIRieu8S0iqY8kIKhj,185947,4,DNA.,Kendrick Lamar,DAMN.,"DNA., by Kendrick Lamar"
100,0.569,0.0936,9,-23.049,1,0.1,0.947,0.909,0.0824,0.96,141.653,audio_features,0yacFoupTf2z0Hk5QDFPGn,spotify:track:0yacFoupTf2z0Hk5QDFPGn,https://api.spotify.com/v1/tracks/0yacFoupTf2z0Hk5QDFPGn,https://api.spotify.com/v1/audio-analysis/0yacFoupTf2z0Hk5QDFPGn,196000,4,Turkish March,Mozart,Classical Piano for Children,"Turkish March, by Mozart"
101,0.297,0.122,0,-24.536,0,0.0453,0.993,0.869,0.123,0.224,123.009,audio_features,7GjJGPDHn3VxCeiE4NzGhc,spotify:track:7GjJGPDHn3VxCeiE4NzGhc,https://api.spotify.com/v1/tracks/7GjJGPDHn3VxCeiE4NzGhc,https://api.spotify.com/v1/audio-analysis/7GjJGPDHn3VxCeiE4NzGhc,155840,4,"Partita II in do menore : Corrente, Allegro ma non troppo",Lazar Berman,Inedito (Unpublished),"Partita II in do menore : Corrente, Allegro ma non troppo, by Lazar Berman"
102,0.636,0.451,9,-9.342,1,0.0337,0.905,0.149,0.154,0.459,105.279,audio_features,4Tsm0Ftkz5BCiF1biSPZWj,spotify:track:4Tsm0Ftkz5BCiF1biSPZWj,https://api.spotify.com/v1/tracks/4Tsm0Ftkz5BCiF1biSPZWj,https://api.spotify.com/v1/audio-analysis/4Tsm0Ftkz5BCiF1biSPZWj,168373,4,Palmeras,Trio Los Panchos,70 años con Los Panchos,"Palmeras, by Trio Los Panchos"
103,0.155,0.252,7,-17.255,1,0.0355,0.45,0.491,0.109,0.0399,89.822,audio_features,3sKlkr9FTLFbQ1LU3TgIRv,spotify:track:3sKlkr9FTLFbQ1LU3TgIRv,https://api.spotify.com/v1/tracks/3sKlkr9FTLFbQ1LU3TgIRv,https://api.spotify.com/v1/audio-analysis/3sKlkr9FTLFbQ1LU3TgIRv,124844,3,Música para la relajación,Musica relajante dormir,"Musica relajante dormir - Sonidos de la naturaleza - Música para dormir profundamente, música para relajarse, música suave para dormir y música para curar el insomnio","Música para la relajación, by Musica relajante dormir"
104,0.152,0.146,1,-26.581,1,0.0409,0.851,0.993,0.0942,0.0834,89.532,audio_features,3xN62yJA1nmq6YOVhZiu5B,spotify:track:3xN62yJA1nmq6YOVhZiu5B,https://api.spotify.com/v1/tracks/3xN62yJA1nmq6YOVhZiu5B,https://api.spotify.com/v1/audio-analysis/3xN62yJA1nmq6YOVhZiu5B,129227,4,Música durmiente con sonidos de lluvia,Música De Relajación Para Dormir Profundamente,"Música De Relajación Para Dormir Profundamente - Lluvia - Música relajante para dormir, ayuda para dormir tranquila Música para relajarse y la mejor música para dormir","Música durmiente con sonidos de lluvia, by Música De Relajación Para Dormir Profundamente"
105,0.351,0.531,3,-12.464,1,0.0398,0.94,0.89,0.094,0.565,130.492,audio_features,7CFRJ93VdiqowSy6ILXrJx,spotify:track:7CFRJ93VdiqowSy6ILXrJx,https://api.spotify.com/v1/tracks/7CFRJ93VdiqowSy6ILXrJx,https://api.spotify.com/v1/audio-analysis/7CFRJ93VdiqowSy6ILXrJx,543434,4,Piano Sonata No 4 in Eb K 282,Mozart,"Classical Music Mozart, Vol. 5","Piano Sonata No 4 in Eb K 282, by Mozart"
106,0.218,0.0427,11,-19.58,0,0.0392,0.829,0.841,0.0895,0.197,110.312,audio_features,0i4CGcUCsIy1y8NxSjwD96,spotify:track:0i4CGcUCsIy1y8NxSjwD96,https://api.spotify.com/v1/tracks/0i4CGcUCsIy1y8NxSjwD96,https://api.spotify.com/v1/audio-analysis/0i4CGcUCsIy1y8NxSjwD96,144827,3,Unfinished Symphony No. 8 in B Minor,South German Philharmonic Orchestra,World Classical 2010,"Unfinished Symphony No. 8 in B Minor, by South German Philharmonic Orchestra"
107,0.478,0.517,2,-11.635,1,0.0289,0.715,0.686,0.195,0.267,115.848,audio_features,2audLeGP8tB2sW7WG7EoDA,spotify:track:2audLeGP8tB2sW7WG7EoDA,https://api.spotify.com/v1/tracks/2audLeGP8tB2sW7WG7EoDA,https://api.spotify.com/v1/audio-analysis/2audLeGP8tB2sW7WG7EoDA,241348,4,Mi Buenos Aires Querido,Di Blasio,Di Blasio - Gardel Tango,"Mi Buenos Aires Querido, by Di Blasio"
108,0.57,0.42,9,-9.816,1,0.049,0.913,0.00996,0.178,0.839,83.117,audio_features,1RUy3v0VsXnxgW7Xk7erWN,spotify:track:1RUy3v0VsXnxgW7Xk7erWN,https://api.spotify.com/v1/tracks/1RUy3v0VsXnxgW7Xk7erWN,https://api.spotify.com/v1/audio-analysis/1RUy3v0VsXnxgW7Xk7erWN,151835,4,Farolito,Trio Los Panchos,70 años con Los Panchos,"Farolito, by Trio Los Panchos"
109,0.231,0.274,2,-19.47,1,0.0338,0.393,0.899,0.12,0.122,82.293,audio_features,1AHfkYVAGeoqjQfo93zs61,spotify:track:1AHfkYVAGeoqjQfo93zs61,https://api.spotify.com/v1/tracks/1AHfkYVAGeoqjQfo93zs61,https://api.spotify.com/v1/audio-analysis/1AHfkYVAGeoqjQfo93zs61,118640,5,Sonidos de la naturaleza - Sonidos de aves,Musica relajante dormir,"Musica relajante dormir - Sonidos de la naturaleza - Música para dormir profundamente, música para relajarse, música suave para dormir y música para curar el insomnio","Sonidos de la naturaleza - Sonidos de aves, by Musica relajante dormir"
110,0.437,0.784,9,-11.625,1,0.0429,0.667,0.921,0.264,0.962,108.001,audio_features,2L5UI6gYBhllcBfxBSpjHB,spotify:track:2L5UI6gYBhllcBfxBSpjHB,https://api.spotify.com/v1/tracks/2L5UI6gYBhllcBfxBSpjHB,https://api.spotify.com/v1/audio-analysis/2L5UI6gYBhllcBfxBSpjHB,591110,4,Piano Concerto A - Major Part III,Mozart,Classical Music Mozart (Vol 2),"Piano Concerto A - Major Part III, by Mozart"
111,0.197,0.0905,0,-19.423,1,0.0353,0.986,0.901,0.215,0.153,93.437,audio_features,045JBbRNQtCgJEz1Xclt1A,spotify:track:045JBbRNQtCgJEz1Xclt1A,https://api.spotify.com/v1/tracks/045JBbRNQtCgJEz1Xclt1A,https://api.spotify.com/v1/audio-analysis/045JBbRNQtCgJEz1Xclt1A,152634,3,Baby Mine,Lonna James,Baby Mine,"Baby Mine, by Lonna James"
112,0.488,0.0359,9,-21.701,1,0.0622,0.991,0.881,0.0964,0.0396,140.465,audio_features,5k3VHkJRgo9Ni45jkk0gpZ,spotify:track:5k3VHkJRgo9Ni45jkk0gpZ,https://api.spotify.com/v1/tracks/5k3VHkJRgo9Ni45jkk0gpZ,https://api.spotify.com/v1/audio-analysis/5k3VHkJRgo9Ni45jkk0gpZ,251267,4,Prelude In C Sharp Minor Op.3/2,South German Philharmonic Orchestra,World Classical 2010,"Prelude In C Sharp Minor Op.3/2, by South German Philharmonic Orchestra"
113,0.418,0.491,9,-10.17,1,0.0282,0.718,0.0865,0.0779,0.171,109.919,audio_features,4s44xSFqLeEr9PMolrFWAt,spotify:track:4s44xSFqLeEr9PMolrFWAt,https://api.spotify.com/v1/tracks/4s44xSFqLeEr9PMolrFWAt,https://api.spotify.com/v1/audio-analysis/4s44xSFqLeEr9PMolrFWAt,249568,4,Volver,Di Blasio,Di Blasio - Gardel Tango,"Volver, by Di Blasio"
114,0.676,0.463,4,-8.333,0,0.0329,0.831,3.07e-05,0.422,0.347,103.326,audio_features,5aXlwfzI2m9TRJ51RkjgrN,spotify:track:5aXlwfzI2m9TRJ51RkjgrN,https://api.spotify.com/v1/tracks/5aXlwfzI2m9TRJ51RkjgrN,https://api.spotify.com/v1/audio-analysis/5aXlwfzI2m9TRJ51RkjgrN,169419,4,Mujer,Trio Los Panchos,70 años con Los Panchos,"Mujer, by Trio Los Panchos"
115,0.544,0.492,5,-9.604,1,0.0307,0.713,0.742,0.115,0.488,113.963,audio_features,2XOMbeDGcFUPEA1vVpGCJi,spotify:track:2XOMbeDGcFUPEA1vVpGCJi,https://api.spotify.com/v1/tracks/2XOMbeDGcFUPEA1vVpGCJi,https://api.spotify.com/v1/audio-analysis/2XOMbeDGcFUPEA1vVpGCJi,336172,3,Piano Concerto No 21 in C Major K 467 II Andante,Mozart,Classical Music Mozart (Vol 4),"Piano Concerto No 21 in C Major K 467 II Andante, by Mozart"
116,0.197,0.259,0,-19.13,1,0.0347,0.4,0.908,0.114,0.0392,86.656,audio_features,1KvWVuzqvyGFkFXnhb2EYz,spotify:track:1KvWVuzqvyGFkFXnhb2EYz,https://api.spotify.com/v1/tracks/1KvWVuzqvyGFkFXnhb2EYz,https://api.spotify.com/v1/audio-analysis/1KvWVuzqvyGFkFXnhb2EYz,120873,4,La mejor música para dormir,Musica relajante dormir,"Musica relajante dormir - Sonidos de la naturaleza - Música para dormir profundamente, música para relajarse, música suave para dormir y música para curar el insomnio","La mejor música para dormir, by Musica relajante dormir"
117,0.713,0.0909,6,-19.649,1,0.0467,0.993,0.911,0.0956,0.164,101.04,audio_features,2g5QSIMXCgD8LhQyGZmZLL,spotify:track:2g5QSIMXCgD8LhQyGZmZLL,https://api.spotify.com/v1/tracks/2g5QSIMXCgD8LhQyGZmZLL,https://api.spotify.com/v1/audio-analysis/2g5QSIMXCgD8LhQyGZmZLL,142452,4,In My Mind,Romans Veiss,My View,"In My Mind, by Romans Veiss"
118,0.412,0.267,9,-14.535,0,0.0388,0.947,0.939,0.106,0.365,114.041,audio_features,6VA87B81zfNkd8minziPsB,spotify:track:6VA87B81zfNkd8minziPsB,https://api.spotify.com/v1/tracks/6VA87B81zfNkd8minziPsB,https://api.spotify.com/v1/audio-analysis/6VA87B81zfNkd8minziPsB,100360,4,Montagnes And Capulets from Romeo And Juliet,South German Philharmonic Orchestra,World Classical 2010,"Montagnes And Capulets from Romeo And Juliet, by South German Philharmonic Orchestra"
119,0.254,0.0156,1,-28.358,1,0.0259,0.963,0.966,0.084,0.0765,62.0,audio_features,42Gzr8aFJgj8NYtFY17fKl,spotify:track:42Gzr8aFJgj8NYtFY17fKl,https://api.spotify.com/v1/tracks/42Gzr8aFJgj8NYtFY17fKl,https://api.spotify.com/v1/audio-analysis/42Gzr8aFJgj8NYtFY17fKl,256001,4,Despertar la Conciencia,Musica Relajante Para Estudiar,Escritura Creativa 10 Canciones: Música Tranquila para Escribir y Concentrarse,"Despertar la Conciencia, by Musica Relajante Para Estudiar"
120,0.601,0.227,9,-19.977,1,0.036,0.98,0.978,0.189,0.426,120.052,audio_features,47NwRCgVZqFE7yl7HkxYF8,spotify:track:47NwRCgVZqFE7yl7HkxYF8,https://api.spotify.com/v1/tracks/47NwRCgVZqFE7yl7HkxYF8,https://api.spotify.com/v1/audio-analysis/47NwRCgVZqFE7yl7HkxYF8,228587,4,"Mozart Sonata No. 11 A major (Alla Turca) , KV 331 (1783) 3. Movement - Alla Turca",Mozart,聽見莫札特,"Mozart Sonata No. 11 A major (Alla Turca) , KV 331 (1783) 3. Movement - Alla Turca, by Mozart"
121,0.387,0.00181,7,-43.957,0,0.0632,0.995,0.919,0.0996,0.475,98.691,audio_features,4NSH5KlrNzdH9OBtgsBFpL,spotify:track:4NSH5KlrNzdH9OBtgsBFpL,https://api.spotify.com/v1/tracks/4NSH5KlrNzdH9OBtgsBFpL,https://api.spotify.com/v1/audio-analysis/4NSH5KlrNzdH9OBtgsBFpL,63840,4,Chaconne in sol maggiore : Variazione 9,Lazar Berman,Inedito (Unpublished),"Chaconne in sol maggiore : Variazione 9, by Lazar Berman"
122,0.224,0.00323,7,-35.745,1,0.0441,0.96,0.768,0.125,0.0546,100.393,audio_features,7zhKwAFsGa33YqCQTEFzVB,spotify:track:7zhKwAFsGa33YqCQTEFzVB,https://api.spotify.com/v1/tracks/7zhKwAFsGa33YqCQTEFzVB,https://api.spotify.com/v1/audio-analysis/7zhKwAFsGa33YqCQTEFzVB,153404,4,Sueño profundo,Música De Relajación Para Dormir Profundamente,"Música relajante para dormir - Sonidos de lluvia - Ayuda para dormir tranquila, música para un sueño profundo y la mejor música para dormir","Sueño profundo, by Música De Relajación Para Dormir Profundamente"
123,0.164,0.129,5,-20.769,1,0.0529,0.988,0.939,0.107,0.0364,69.072,audio_features,0UuAH6BluF55VoT4IwzJ83,spotify:track:0UuAH6BluF55VoT4IwzJ83,https://api.spotify.com/v1/tracks/0UuAH6BluF55VoT4IwzJ83,https://api.spotify.com/v1/audio-analysis/0UuAH6BluF55VoT4IwzJ83,246272,4,Bosques Lejanos,Musica relajante dormir,Música Melodía para la Concentración,"Bosques Lejanos, by Musica relajante dormir"
124,0.464,0.0336,5,-28.802,1,0.0627,0.996,0.898,0.0697,0.201,135.81,audio_features,2JEn9phnjWXDzdmHLKGJNO,spotify:track:2JEn9phnjWXDzdmHLKGJNO,https://api.spotify.com/v1/tracks/2JEn9phnjWXDzdmHLKGJNO,https://api.spotify.com/v1/audio-analysis/2JEn9phnjWXDzdmHLKGJNO,125200,3,Traumerei Op.15/7 (Dreaming from Scenes From Childhood),South German Philharmonic Orchestra,World Classical 2010,"Traumerei Op.15/7 (Dreaming from Scenes From Childhood), by South German Philharmonic Orchestra"
125,0.547,0.231,2,-12.394,1,0.037,0.988,0.948,0.108,0.526,125.219,audio_features,7Fngu8qxtAqJh72Rbe9oGn,spotify:track:7Fngu8qxtAqJh72Rbe9oGn,https://api.spotify.com/v1/tracks/7Fngu8qxtAqJh72Rbe9oGn,https://api.spotify.com/v1/audio-analysis/7Fngu8qxtAqJh72Rbe9oGn,208587,3,Horn Concerto No. 1 in D major:K412:Ⅱ,Mozart,Clarity Heart,"Horn Concerto No. 1 in D major:K412:Ⅱ, by Mozart"
126,0.0704,0.0799,1,-24.927,0,0.0399,0.935,0.878,0.118,0.0394,62.389,audio_features,7oopD0G6EX7aoTWngpHjuG,spotify:track:7oopD0G6EX7aoTWngpHjuG,https://api.spotify.com/v1/tracks/7oopD0G6EX7aoTWngpHjuG,https://api.spotify.com/v1/audio-analysis/7oopD0G6EX7aoTWngpHjuG,316431,3,Programar la Mente,Musica Relajante Para Estudiar,Memorizar Rápido: Música Instrumental Tranquila para Concentrarse y Estudiar Mejor,"Programar la Mente, by Musica Relajante Para Estudiar"
127,0.408,0.178,10,-25.486,1,0.0398,0.992,0.914,0.0977,0.785,140.496,audio_features,0Zam9335qobqoKpSd4Zdwm,spotify:track:0Zam9335qobqoKpSd4Zdwm,https://api.spotify.com/v1/tracks/0Zam9335qobqoKpSd4Zdwm,https://api.spotify.com/v1/audio-analysis/0Zam9335qobqoKpSd4Zdwm,210667,4,"Sonata No. 16 in B Flat Major, III. Allegretto",Maria João Pires,Mozart: Piano Sonata Selection,"Sonata No. 16 in B Flat Major, III. Allegretto, by Maria João Pires"
128,0.0625,0.19,7,-26.58,1,0.047,0.97,0.953,0.315,0.0395,201.013,audio_features,6pVyaMuOKfNvIbimagpuaX,spotify:track:6pVyaMuOKfNvIbimagpuaX,https://api.spotify.com/v1/tracks/6pVyaMuOKfNvIbimagpuaX,https://api.spotify.com/v1/audio-analysis/6pVyaMuOKfNvIbimagpuaX,138018,4,Olas del océano para dormir - Música tranquila,Música De Relajación Para Dormir Profundamente,"Música de relajación profunda - Las Olas Del Mar - Música para dormir, Música para relajarse, Ayuda para dormir, Música para dormir profundamente y Música de fondo suave","Olas del océano para dormir - Música tranquila, by Música De Relajación Para Dormir Profundamente"
129,0.706,0.424,7,-9.845,1,0.047,0.209,1.41e-06,0.118,0.473,129.958,audio_features,4e6zAaZb5RiRME6McjTWN9,spotify:track:4e6zAaZb5RiRME6McjTWN9,https://api.spotify.com/v1/tracks/4e6zAaZb5RiRME6McjTWN9,https://api.spotify.com/v1/audio-analysis/4e6zAaZb5RiRME6McjTWN9,127851,4,There´s a Ghost Here,Plim Plim,Plim Plim Halloween Kids Songs,"There´s a Ghost Here, by Plim Plim"
130,0.46,0.024,5,-27.228,0,0.0369,0.995,0.879,0.0767,0.279,95.12,audio_features,395NP8XuI18SChWAcDGaX2,spotify:track:395NP8XuI18SChWAcDGaX2,https://api.spotify.com/v1/tracks/395NP8XuI18SChWAcDGaX2,https://api.spotify.com/v1/audio-analysis/395NP8XuI18SChWAcDGaX2,114200,4,Moment Musical In F Minor,South German Philharmonic Orchestra,World Classical 2010,"Moment Musical In F Minor, by South German Philharmonic Orchestra"
131,0.195,0.532,10,-12.605,1,0.0311,0.879,0.899,0.17,0.583,141.878,audio_features,2inl5anUxNC1eqevETIdeI,spotify:track:2inl5anUxNC1eqevETIdeI,https://api.spotify.com/v1/tracks/2inl5anUxNC1eqevETIdeI,https://api.spotify.com/v1/audio-analysis/2inl5anUxNC1eqevETIdeI,384000,4,Piano Sonata No 3 in Bb K 281 1 Allegro,Mozart,"Classical Music Mozart, Vol. 5","Piano Sonata No 3 in Bb K 281 1 Allegro, by Mozart"
132,0.203,0.162,5,-16.027,1,0.034,0.942,0.519,0.0992,0.0371,143.544,audio_features,4iQIGVJBdbQeg8Voph3har,spotify:track:4iQIGVJBdbQeg8Voph3har,https://api.spotify.com/v1/tracks/4iQIGVJBdbQeg8Voph3har,https://api.spotify.com/v1/audio-analysis/4iQIGVJBdbQeg8Voph3har,277896,4,El Dia Que Me Quieras - Bonus Track,Di Blasio,Di Blasio - Gardel Tango,"El Dia Que Me Quieras - Bonus Track, by Di Blasio"
133,0.256,0.169,9,-22.758,0,0.0371,0.986,0.868,0.105,0.595,113.976,audio_features,4mx6OAhfRRpYPWCMhCGPnY,spotify:track:4mx6OAhfRRpYPWCMhCGPnY,https://api.spotify.com/v1/tracks/4mx6OAhfRRpYPWCMhCGPnY,https://api.spotify.com/v1/audio-analysis/4mx6OAhfRRpYPWCMhCGPnY,164560,4,"Sonata No. 8 in A Minor, III. Presto",Maria João Pires,Mozart: Piano Sonata Selection,"Sonata No. 8 in A Minor, III. Presto, by Maria João Pires"
134,0.097,0.169,3,-26.665,1,0.0373,0.716,0.995,0.108,0.152,60.574,audio_features,1SyQrd7PGFRDr1CJTGrguA,spotify:track:1SyQrd7PGFRDr1CJTGrguA,https://api.spotify.com/v1/tracks/1SyQrd7PGFRDr1CJTGrguA,https://api.spotify.com/v1/audio-analysis/1SyQrd7PGFRDr1CJTGrguA,112896,5,Sonidos de lluvia de sueño profundo,Música De Relajación Para Dormir Profundamente,"Música De Relajación Para Dormir Profundamente - Lluvia - Música relajante para dormir, ayuda para dormir tranquila Música para relajarse y la mejor música para dormir","Sonidos de lluvia de sueño profundo, by Música De Relajación Para Dormir Profundamente"
135,0.518,0.00364,2,-38.993,0,0.0406,0.993,0.931,0.126,0.234,69.239,audio_features,1ON8rUViDpfJlOtVPcpcJ1,spotify:track:1ON8rUViDpfJlOtVPcpcJ1,https://api.spotify.com/v1/tracks/1ON8rUViDpfJlOtVPcpcJ1,https://api.spotify.com/v1/audio-analysis/1ON8rUViDpfJlOtVPcpcJ1,117237,3,"Nostalgie du pays, extrait des Miniatures polonaises",Milosz Magin,Zal - The Music of Milosz Magin,"Nostalgie du pays, extrait des Miniatures polonaises, by Milosz Magin"
136,0.285,0.0853,2,-20.82,1,0.0345,0.982,0.942,0.128,0.075,94.725,audio_features,3h6T5ItKZOpiT0EIABY43I,spotify:track:3h6T5ItKZOpiT0EIABY43I,https://api.spotify.com/v1/tracks/3h6T5ItKZOpiT0EIABY43I,https://api.spotify.com/v1/audio-analysis/3h6T5ItKZOpiT0EIABY43I,539350,4,Piano Concerto No.12:Ⅱ - Remix,Mozart,"Darling, We Won't Make It","Piano Concerto No.12:Ⅱ - Remix, by Mozart"
137,0.745,0.573,0,-7.012,0,0.0477,0.134,0.000102,0.296,0.642,119.919,audio_features,0uCO43pBXwa4WMawgdQatK,spotify:track:0uCO43pBXwa4WMawgdQatK,https://api.spotify.com/v1/tracks/0uCO43pBXwa4WMawgdQatK,https://api.spotify.com/v1/audio-analysis/0uCO43pBXwa4WMawgdQatK,110336,4,The Monsters Finger Family Song,Plim Plim,Plim Plim Halloween Kids Songs,"The Monsters Finger Family Song, by Plim Plim"
138,0.116,0.141,6,-19.765,1,0.0385,0.968,0.964,0.128,0.0331,94.048,audio_features,7kJGdAgHJSnf9iRHRCTcvX,spotify:track:7kJGdAgHJSnf9iRHRCTcvX,https://api.spotify.com/v1/tracks/7kJGdAgHJSnf9iRHRCTcvX,https://api.spotify.com/v1/audio-analysis/7kJGdAgHJSnf9iRHRCTcvX,230000,4,Memorizar para un Examen,Musica Relajante Para Estudiar,"Música Japonesa para Estudiar: Música de Concentración, Memorizar para un Examen","Memorizar para un Examen, by Musica Relajante Para Estudiar"
139,0.518,0.0973,10,-11.503,0,0.05,0.976,0.104,0.105,0.466,180.303,audio_features,5PqoSU7lidwr44RSVqXybI,spotify:track:5PqoSU7lidwr44RSVqXybI,https://api.spotify.com/v1/tracks/5PqoSU7lidwr44RSVqXybI,https://api.spotify.com/v1/audio-analysis/5PqoSU7lidwr44RSVqXybI,201549,4,Dulces sueños (Duerme mejor),Musica relajante dormir,"Sueño profundo - Musica relajante ambiental para dormir profundamente y relajarse para bebes, sonidos de la naturaleza y piano instrumental","Dulces sueños (Duerme mejor), by Musica relajante dormir"
140,0.358,0.181,0,-22.86,1,0.0371,0.989,0.957,0.103,0.82,98.263,audio_features,4O8sj9SNhjXjsFVQrbXU2J,spotify:track:4O8sj9SNhjXjsFVQrbXU2J,https://api.spotify.com/v1/tracks/4O8sj9SNhjXjsFVQrbXU2J,https://api.spotify.com/v1/audio-analysis/4O8sj9SNhjXjsFVQrbXU2J,105933,4,"Sonata No. 15 in C Major, III. Rondo",Maria João Pires,Mozart: Piano Sonata Selection,"Sonata No. 15 in C Major, III. Rondo, by Maria João Pires"
141,0.277,0.175,2,-15.563,1,0.0387,0.951,0.932,0.139,0.181,126.343,audio_features,0SyUL72Jk8YJqewUdLZ20i,spotify:track:0SyUL72Jk8YJqewUdLZ20i,https://api.spotify.com/v1/tracks/0SyUL72Jk8YJqewUdLZ20i,https://api.spotify.com/v1/audio-analysis/0SyUL72Jk8YJqewUdLZ20i,384533,4,Don Giovanni Overture,Mozart,Cha Cha Cha Mixtape,"Don Giovanni Overture, by Mozart"
142,0.652,0.382,1,-11.446,0,0.0436,0.963,0.000569,0.132,0.502,109.019,audio_features,5wUKK30W4r9RsQeJiVOij5,spotify:track:5wUKK30W4r9RsQeJiVOij5,https://api.spotify.com/v1/tracks/5wUKK30W4r9RsQeJiVOij5,https://api.spotify.com/v1/audio-analysis/5wUKK30W4r9RsQeJiVOij5,171844,4,Perfidia,Trio Los Panchos,70 años con Los Panchos,"Perfidia, by Trio Los Panchos"
143,0.271,0.152,7,-20.83,0,0.0407,0.992,0.823,0.16,0.283,179.39,audio_features,6mvN0qDDQ1b9Ugfs8U7Mh8,spotify:track:6mvN0qDDQ1b9Ugfs8U7Mh8,https://api.spotify.com/v1/tracks/6mvN0qDDQ1b9Ugfs8U7Mh8,https://api.spotify.com/v1/audio-analysis/6mvN0qDDQ1b9Ugfs8U7Mh8,77493,4,Flight Of The Bumble Bee,South German Philharmonic Orchestra,World Classical 2010,"Flight Of The Bumble Bee, by South German Philharmonic Orchestra"
144,0.217,0.0823,6,-21.58,1,0.0306,0.89,0.903,0.1,0.0765,96.783,audio_features,1LRrqTjRrD1nANiG4qtjhe,spotify:track:1LRrqTjRrD1nANiG4qtjhe,https://api.spotify.com/v1/tracks/1LRrqTjRrD1nANiG4qtjhe,https://api.spotify.com/v1/audio-analysis/1LRrqTjRrD1nANiG4qtjhe,311180,3,Mejora la Memorización,Musica Relajante Para Estudiar,"Activar la Memoria con la Música: Ejercicios Mentales, Canciones para Memorizar y Estudio Intenso","Mejora la Memorización, by Musica Relajante Para Estudiar"
145,0.196,0.317,10,-12.054,0,0.0311,0.835,0.925,0.187,0.0552,87.143,audio_features,5UKrbkegmD5hCd2D8lj5T3,spotify:track:5UKrbkegmD5hCd2D8lj5T3,https://api.spotify.com/v1/tracks/5UKrbkegmD5hCd2D8lj5T3,https://api.spotify.com/v1/audio-analysis/5UKrbkegmD5hCd2D8lj5T3,183348,3,Música de guitarra para dormir - Música para la relajación y olas del oceano,Música De Relajación Para Dormir Profundamente,"Música De Relajación Dormir - Sonidos Del Oceano - Música para dormir, Música relajante de fondo para dormir profundo y La mejor música para dormir","Música de guitarra para dormir - Música para la relajación y olas del oceano, by Música De Relajación Para Dormir Profundamente"
146,0.419,0.186,8,-12.437,1,0.0361,0.968,0.915,0.114,0.228,74.407,audio_features,3AOFyqlDGMxgux47c4bu8j,spotify:track:3AOFyqlDGMxgux47c4bu8j,https://api.spotify.com/v1/tracks/3AOFyqlDGMxgux47c4bu8j,https://api.spotify.com/v1/audio-analysis/3AOFyqlDGMxgux47c4bu8j,311212,4,Mozart Requiem K 626 Lacrimosa,Mozart,Classical Music Mozart (Vol 4),"Mozart Requiem K 626 Lacrimosa, by Mozart"
147,0.117,0.00235,9,-38.195,1,0.0382,0.898,0.923,0.108,0.0379,96.188,audio_features,6AsCiUBerrAkxWzBXpuzTB,spotify:track:6AsCiUBerrAkxWzBXpuzTB,https://api.spotify.com/v1/tracks/6AsCiUBerrAkxWzBXpuzTB,https://api.spotify.com/v1/audio-analysis/6AsCiUBerrAkxWzBXpuzTB,204508,1,Purificame,Musica relajante dormir,Música Melodía para la Concentración,"Purificame, by Musica relajante dormir"
148,0.775,0.89,7,-7.081,1,0.0615,0.00304,0.845,0.0731,0.965,128.001,audio_features,4QypLTYiuLvoMHJoLH2e6e,spotify:track:4QypLTYiuLvoMHJoLH2e6e,https://api.spotify.com/v1/tracks/4QypLTYiuLvoMHJoLH2e6e,https://api.spotify.com/v1/audio-analysis/4QypLTYiuLvoMHJoLH2e6e,263747,4,Bonano - Amadeus & Mozart vs. Matt Myer Edit,B.U.S.T.E.D,Let the Bass Kick in Amsterdam,"Bonano - Amadeus & Mozart vs. Matt Myer Edit, by B.U.S.T.E.D"
149,0.367,0.175,0,-17.418,0,0.029,0.982,0.864,0.158,0.102,64.051,audio_features,0i5RIuEcKDRcAaQrAt9qHK,spotify:track:0i5RIuEcKDRcAaQrAt9qHK,https://api.spotify.com/v1/tracks/0i5RIuEcKDRcAaQrAt9qHK,https://api.spotify.com/v1/audio-analysis/0i5RIuEcKDRcAaQrAt9qHK,172267,4,"12 Etudes, Op.10 No.12 in C minor ""Revolutionary"" : Allegro con fuoco",Stanislav Bunin,100 Best Piano,"12 Etudes, Op.10 No.12 in C minor ""Revolutionary"" : Allegro con fuoco, by Stanislav Bunin"
150,0.388,0.00843,9,-31.898,0,0.054,0.994,0.919,0.0861,0.179,114.314,audio_features,06toQgrXfTjsOtlrZLAMjd,spotify:track:06toQgrXfTjsOtlrZLAMjd,https://api.spotify.com/v1/tracks/06toQgrXfTjsOtlrZLAMjd,https://api.spotify.com/v1/audio-analysis/06toQgrXfTjsOtlrZLAMjd,453267,4,"Bagatelle in A Minor, WoO 59, ""Fur Elise"". Bagatelle, WoO 60. Allegretto quasi andante, WoO 61a. Allegretto, WoO 61",Ludwig van Beethoven,"Beethoven: Bagatelles and Dances, Vol. 1","Bagatelle in A Minor, WoO 59, ""Fur Elise"". Bagatelle, WoO 60. Allegretto quasi andante, WoO 61a. Allegretto, WoO 61, by Ludwig van Beethoven"
151,0.355,0.0164,3,-28.659,1,0.0396,0.995,0.926,0.0986,0.0922,67.946,audio_features,00CXUMREit80f2McJsjcIz,spotify:track:00CXUMREit80f2McJsjcIz,https://api.spotify.com/v1/tracks/00CXUMREit80f2McJsjcIz,https://api.spotify.com/v1/audio-analysis/00CXUMREit80f2McJsjcIz,282813,4,"Lieder ohne Worte (Songs without Words), Book 2, Op. 30: No. 7 in E-Flat Major, Op. 30, No. 1",Felix Mendelssohn,"Mendelssohn, Felix: Songs Without Words, Vol. 1","Lieder ohne Worte (Songs without Words), Book 2, Op. 30: No. 7 in E-Flat Major, Op. 30, No. 1, by Felix Mendelssohn"
152,0.176,0.0534,10,-27.626,1,0.0406,0.97,0.915,0.29,0.0332,71.673,audio_features,5TtmI9sfXw4VXco0PE21mV,spotify:track:5TtmI9sfXw4VXco0PE21mV,https://api.spotify.com/v1/tracks/5TtmI9sfXw4VXco0PE21mV,https://api.spotify.com/v1/audio-analysis/5TtmI9sfXw4VXco0PE21mV,132120,5,"2 Aquarelles: Lento, ma non troppo",Frederick Delius,"ENGLISH STRING MINIATURES, Vol. 4","2 Aquarelles: Lento, ma non troppo, by Frederick Delius"
153,0.148,0.0722,4,-25.217,0,0.0427,0.944,0.148,0.115,0.0467,87.882,audio_features,5pjDwtMPly0cNMbuGXhUOI,spotify:track:5pjDwtMPly0cNMbuGXhUOI,https://api.spotify.com/v1/tracks/5pjDwtMPly0cNMbuGXhUOI,https://api.spotify.com/v1/audio-analysis/5pjDwtMPly0cNMbuGXhUOI,478573,4,"Elgar: Cello Concerto in E Minor, Op. 85: I. Adagio - Moderato",Edward Elgar,Impressions,"Elgar: Cello Concerto in E Minor, Op. 85: I. Adagio - Moderato, by Edward Elgar"
154,0.293,0.0677,3,-24.559,1,0.0472,0.981,0.945,0.104,0.0994,122.828,audio_features,7uGumfAbZ4lROA6wr0LP5E,spotify:track:7uGumfAbZ4lROA6wr0LP5E,https://api.spotify.com/v1/tracks/7uGumfAbZ4lROA6wr0LP5E,https://api.spotify.com/v1/audio-analysis/7uGumfAbZ4lROA6wr0LP5E,211920,5,"Sicilienne, Op. 78",Gabriel Fauré,The French Album,"Sicilienne, Op. 78, by Gabriel Fauré"
155,0.19,0.00172,1,-42.862,0,0.0422,0.994,0.918,0.16,0.199,66.109,audio_features,7reMbNmRPg3jsaQomsMkZ3,spotify:track:7reMbNmRPg3jsaQomsMkZ3,https://api.spotify.com/v1/tracks/7reMbNmRPg3jsaQomsMkZ3,https://api.spotify.com/v1/audio-analysis/7reMbNmRPg3jsaQomsMkZ3,442573,4,"Piano Sonata No. 14, Op. 27 No. 2, ""Moonlight"": I. Adagio sostenuto",Ludwig van Beethoven,"Beethoven: Piano Sonatas, Op. 27 & 28","Piano Sonata No. 14, Op. 27 No. 2, ""Moonlight"": I. Adagio sostenuto, by Ludwig van Beethoven"
156,0.137,0.0311,5,-28.208,1,0.0381,0.982,0.972,0.0908,0.063,179.223,audio_features,429GaRIWKJ3EU1GAQPbLcr,spotify:track:429GaRIWKJ3EU1GAQPbLcr,https://api.spotify.com/v1/tracks/429GaRIWKJ3EU1GAQPbLcr,https://api.spotify.com/v1/audio-analysis/429GaRIWKJ3EU1GAQPbLcr,433667,3,"Piano Concerto No. 21 in C Major, K. 467: II. Andante",Wolfgang Amadeus Mozart,"Mozart: Piano Concertos, Vol. 6","Piano Concerto No. 21 in C Major, K. 467: II. Andante, by Wolfgang Amadeus Mozart"
157,0.247,0.00505,11,-30.467,1,0.0379,0.991,0.967,0.0838,0.0391,91.359,audio_features,05W1GduItsqueo7fja8e6i,spotify:track:05W1GduItsqueo7fja8e6i,https://api.spotify.com/v1/tracks/05W1GduItsqueo7fja8e6i,https://api.spotify.com/v1/audio-analysis/05W1GduItsqueo7fja8e6i,150322,4,"Capriccio brillant, Op. 22: Andante",Felix Mendelssohn,Hummel - Weber - Mendelssohn,"Capriccio brillant, Op. 22: Andante, by Felix Mendelssohn"
158,0.429,0.535,3,-11.043,1,0.0379,0.815,0.93,0.0759,0.926,81.182,audio_features,1ntwYN2nT0Dl3c8lne15ii,spotify:track:1ntwYN2nT0Dl3c8lne15ii,https://api.spotify.com/v1/tracks/1ntwYN2nT0Dl3c8lne15ii,https://api.spotify.com/v1/audio-analysis/1ntwYN2nT0Dl3c8lne15ii,131599,4,Can Can,Jacques Offenbach,"Operas Operetta Overtures, Operetten Opern Ouvertüren","Can Can, by Jacques Offenbach"
159,0.128,0.0209,11,-26.683,1,0.0437,0.989,0.374,0.0818,0.0598,96.923,audio_features,0RPconiPxIzgQy7no9vvil,spotify:track:0RPconiPxIzgQy7no9vvil,https://api.spotify.com/v1/tracks/0RPconiPxIzgQy7no9vvil,https://api.spotify.com/v1/audio-analysis/0RPconiPxIzgQy7no9vvil,300000,3,"Rinaldo, HWV 7a, Act II, Scene 4: Lascia ch'io pianga - Arr. for French Horn",George Frideric Handel,Baroque Arias for Horn (Beyond Words),"Rinaldo, HWV 7a, Act II, Scene 4: Lascia ch'io pianga - Arr. for French Horn, by George Frideric Handel"
160,0.485,0.181,0,-18.845,0,0.0528,0.962,0.524,0.091,0.142,97.001,audio_features,6cn4yKS1BINBqTgyeG1k0F,spotify:track:6cn4yKS1BINBqTgyeG1k0F,https://api.spotify.com/v1/tracks/6cn4yKS1BINBqTgyeG1k0F,https://api.spotify.com/v1/audio-analysis/6cn4yKS1BINBqTgyeG1k0F,447868,4,I. Allegro con brio,Ludwig van Beethoven,"Symphony No. 5 in C Minor, Op. 67/I. Allegro con brio","I. Allegro con brio, by Ludwig van Beethoven"
161,0.0818,0.0218,0,-28.778,0,0.0409,0.965,0.841,0.104,0.0616,172.879,audio_features,4Weo3vMehKR84QR3gEgwm8,spotify:track:4Weo3vMehKR84QR3gEgwm8,https://api.spotify.com/v1/tracks/4Weo3vMehKR84QR3gEgwm8,https://api.spotify.com/v1/audio-analysis/4Weo3vMehKR84QR3gEgwm8,374733,3,"Symphony No. 3 in F Major, Op. 90: III. Poco allegretto",Johannes Brahms,Brahms: Symphonies 1-4,"Symphony No. 3 in F Major, Op. 90: III. Poco allegretto, by Johannes Brahms"
162,0.15,0.0115,2,-26.636,1,0.0425,0.976,0.191,0.0836,0.0955,101.769,audio_features,2fYOyayT80ysO3nxw9lKXn,spotify:track:2fYOyayT80ysO3nxw9lKXn,https://api.spotify.com/v1/tracks/2fYOyayT80ysO3nxw9lKXn,https://api.spotify.com/v1/audio-analysis/2fYOyayT80ysO3nxw9lKXn,394560,3,"Mozart: Clarinet Concerto in A Major, K. 622: II. Adagio",Wolfgang Amadeus Mozart,Mozart: Clarinet Concerto/Debussy: Première Rhapsodie/Takemitsu: Fantasma/Cantos,"Mozart: Clarinet Concerto in A Major, K. 622: II. Adagio, by Wolfgang Amadeus Mozart"
163,0.442,0.216,7,-17.569,1,0.0555,0.926,0.944,0.144,0.574,118.779,audio_features,5zhuWncJsBKrQ1HhmAKNAg,spotify:track:5zhuWncJsBKrQ1HhmAKNAg,https://api.spotify.com/v1/tracks/5zhuWncJsBKrQ1HhmAKNAg,https://api.spotify.com/v1/audio-analysis/5zhuWncJsBKrQ1HhmAKNAg,144733,4,"Peer Gynt, Op. 23: IV. In the Hall of the Mountain King",Edvard Grieg,Fright Night: Music That Goes Bump in the Night,"Peer Gynt, Op. 23: IV. In the Hall of the Mountain King, by Edvard Grieg"
164,0.243,0.0325,8,-23.379,1,0.0454,0.992,0.879,0.108,0.0404,74.26,audio_features,2ml2xRwuFLv7NtDPzyssfL,spotify:track:2ml2xRwuFLv7NtDPzyssfL,https://api.spotify.com/v1/tracks/2ml2xRwuFLv7NtDPzyssfL,https://api.spotify.com/v1/audio-analysis/2ml2xRwuFLv7NtDPzyssfL,237960,3,"Widmung, Op. 25 No. 1",Robert Schumann,Work - Schumann,"Widmung, Op. 25 No. 1, by Robert Schumann"
165,0.261,0.00746,8,-34.733,1,0.0542,0.995,0.955,0.105,0.062,180.764,audio_features,2zExp0TMKzbEkssEDJ7uf2,spotify:track:2zExp0TMKzbEkssEDJ7uf2,https://api.spotify.com/v1/tracks/2zExp0TMKzbEkssEDJ7uf2,https://api.spotify.com/v1/audio-analysis/2zExp0TMKzbEkssEDJ7uf2,314187,4,"Piano Sonata No. 8 In C Minor, Op. 13 -""Pathétique"": 2. Adagio cantabile - Live",Ludwig van Beethoven,"Beethoven: The Piano Sonatas, Volume II","Piano Sonata No. 8 In C Minor, Op. 13 -""Pathétique"": 2. Adagio cantabile - Live, by Ludwig van Beethoven"
166,0.192,0.0371,9,-35.398,0,0.0409,0.984,0.937,0.129,0.147,136.147,audio_features,0W4kuUA1ZoBrJ6ELXRgLE9,spotify:track:0W4kuUA1ZoBrJ6ELXRgLE9,https://api.spotify.com/v1/tracks/0W4kuUA1ZoBrJ6ELXRgLE9,https://api.spotify.com/v1/audio-analysis/0W4kuUA1ZoBrJ6ELXRgLE9,151173,3,"Le Carnaval des Animaux, R. 125: 7. Aquarium",Camille Saint-Saëns,Saint-Saëns: Le Carnaval des Animaux; Phaéton; Danse Macabre etc.,"Le Carnaval des Animaux, R. 125: 7. Aquarium, by Camille Saint-Saëns"
167,0.329,0.0102,6,-29.214,0,0.0385,0.994,0.918,0.103,0.0684,132.244,audio_features,5Ebm8OIFGeyoK25ZzXuju5,spotify:track:5Ebm8OIFGeyoK25ZzXuju5,https://api.spotify.com/v1/tracks/5Ebm8OIFGeyoK25ZzXuju5,https://api.spotify.com/v1/audio-analysis/5Ebm8OIFGeyoK25ZzXuju5,271213,3,"Debussy: 2 Arabesques, CD 74, L. 66: No. 1, Andantino con moto",Claude Debussy,Debussy: Images,"Debussy: 2 Arabesques, CD 74, L. 66: No. 1, Andantino con moto, by Claude Debussy"
168,0.194,0.079,4,-21.389,1,0.0425,0.969,0.498,0.126,0.082,100.309,audio_features,2vBuaUzWANdghLfM1nF0Yw,spotify:track:2vBuaUzWANdghLfM1nF0Yw,https://api.spotify.com/v1/tracks/2vBuaUzWANdghLfM1nF0Yw,https://api.spotify.com/v1/audio-analysis/2vBuaUzWANdghLfM1nF0Yw,517360,4,"Adagio in E Major, K. 261",Wolfgang Amadeus Mozart,Mozart: Works for Violin & Orchestra,"Adagio in E Major, K. 261, by Wolfgang Amadeus Mozart"
169,0.0642,0.126,2,-18.812,0,0.0473,0.884,0.874,0.0953,0.0384,59.559,audio_features,4sHWJD2vUe5uV7QIQ2rogQ,spotify:track:4sHWJD2vUe5uV7QIQ2rogQ,https://api.spotify.com/v1/tracks/4sHWJD2vUe5uV7QIQ2rogQ,https://api.spotify.com/v1/audio-analysis/4sHWJD2vUe5uV7QIQ2rogQ,344240,3,"Suite in D Minor, HWV 437: III. Saraband",George Frideric Handel,La grande sarabande de Handel,"Suite in D Minor, HWV 437: III. Saraband, by George Frideric Handel"
170,0.184,0.00527,1,-37.264,0,0.0432,0.995,0.887,0.173,0.151,170.612,audio_features,3DNRdudZ2SstnDCVKFdXxG,spotify:track:3DNRdudZ2SstnDCVKFdXxG,https://api.spotify.com/v1/tracks/3DNRdudZ2SstnDCVKFdXxG,https://api.spotify.com/v1/audio-analysis/3DNRdudZ2SstnDCVKFdXxG,315427,3,"Sonata No. 14 ""Moonlight"" in C-Sharp Minor"", Op. 27 No. 2: I. Adagio sostenuto",Ludwig van Beethoven,"Beethoven: Piano Sonatas, Vol.3","Sonata No. 14 ""Moonlight"" in C-Sharp Minor"", Op. 27 No. 2: I. Adagio sostenuto, by Ludwig van Beethoven"
171,0.31,0.0555,7,-25.695,1,0.0395,0.994,0.906,0.121,0.566,70.515,audio_features,5fzzSHwK0iFGanI4suSuCA,spotify:track:5fzzSHwK0iFGanI4suSuCA,https://api.spotify.com/v1/tracks/5fzzSHwK0iFGanI4suSuCA,https://api.spotify.com/v1/audio-analysis/5fzzSHwK0iFGanI4suSuCA,140040,4,"Goldberg Variations, BWV 988: Variatio 7 a 1 ovvero 2 Clav. Al tempo di Giga",Johann Sebastian Bach,Bach: Goldberg Variations (Extended Edt.),"Goldberg Variations, BWV 988: Variatio 7 a 1 ovvero 2 Clav. Al tempo di Giga, by Johann Sebastian Bach"
172,0.0666,0.0211,1,-24.057,1,0.0398,0.984,0.685,0.0999,0.132,73.377,audio_features,4UPPQcwiQJpmXYirbgicT9,spotify:track:4UPPQcwiQJpmXYirbgicT9,https://api.spotify.com/v1/tracks/4UPPQcwiQJpmXYirbgicT9,https://api.spotify.com/v1/audio-analysis/4UPPQcwiQJpmXYirbgicT9,234227,4,"Nabucco / Act III: Va, pensiero, sull'ali dorate",Giuseppe Verdi,Verdi: Nabucco,"Nabucco / Act III: Va, pensiero, sull'ali dorate, by Giuseppe Verdi"
173,0.243,0.0502,2,-25.496,1,0.0501,0.941,0.82,0.126,0.064,125.052,audio_features,1rAOWBj54LH8ooWg02NWTJ,spotify:track:1rAOWBj54LH8ooWg02NWTJ,https://api.spotify.com/v1/tracks/1rAOWBj54LH8ooWg02NWTJ,https://api.spotify.com/v1/audio-analysis/1rAOWBj54LH8ooWg02NWTJ,151760,4,"Gypsy Melodies, Op. 55, B. 104: IV. Songs My Mother Taught Me (Arr. Soltani For Solo Cello and Cello Ensemble)",Antonín Dvořák,Dvořák: Cello Concerto,"Gypsy Melodies, Op. 55, B. 104: IV. Songs My Mother Taught Me (Arr. Soltani For Solo Cello and Cello Ensemble), by Antonín Dvořák"
174,0.143,0.0369,5,-24.327,1,0.0351,0.961,0.935,0.0966,0.0741,180.517,audio_features,0UXYvnA1mm2bvxZuHqQlhX,spotify:track:0UXYvnA1mm2bvxZuHqQlhX,https://api.spotify.com/v1/tracks/0UXYvnA1mm2bvxZuHqQlhX,https://api.spotify.com/v1/audio-analysis/0UXYvnA1mm2bvxZuHqQlhX,174680,3,"Piano Concerto No. 21 in C Major, K. 467: 2. Andante - Edit",Wolfgang Amadeus Mozart,Mozart Motivation,"Piano Concerto No. 21 in C Major, K. 467: 2. Andante - Edit, by Wolfgang Amadeus Mozart"
175,0.365,0.0668,1,-24.832,0,0.0557,0.994,0.938,0.101,0.119,145.824,audio_features,4vbpZcq2I1Q52hkKQRMUwc,spotify:track:4vbpZcq2I1Q52hkKQRMUwc,https://api.spotify.com/v1/tracks/4vbpZcq2I1Q52hkKQRMUwc,https://api.spotify.com/v1/audio-analysis/4vbpZcq2I1Q52hkKQRMUwc,230347,3,Claro De Luna,Ludwig van Beethoven,Los Éxitos De Richard Clayderman,"Claro De Luna, by Ludwig van Beethoven"
176,0.359,0.0323,1,-24.408,1,0.0377,0.989,0.91,0.0938,0.0728,107.169,audio_features,4hbvrHgfZ8lqFrPx1Ztd6j,spotify:track:4hbvrHgfZ8lqFrPx1Ztd6j,https://api.spotify.com/v1/tracks/4hbvrHgfZ8lqFrPx1Ztd6j,https://api.spotify.com/v1/audio-analysis/4hbvrHgfZ8lqFrPx1Ztd6j,338253,4,"Chopin: Nocturne No. 8 in D-Flat Major, Op. 27 No. 2",Frédéric Chopin,Gabriela Montero: Piano Recital,"Chopin: Nocturne No. 8 in D-Flat Major, Op. 27 No. 2, by Frédéric Chopin"
177,0.238,0.0815,2,-22.5,1,0.045,0.983,4.01e-05,0.279,0.0414,128.52,audio_features,1uvymuDAr8WNCRQO3E4h5L,spotify:track:1uvymuDAr8WNCRQO3E4h5L,https://api.spotify.com/v1/tracks/1uvymuDAr8WNCRQO3E4h5L,https://api.spotify.com/v1/audio-analysis/1uvymuDAr8WNCRQO3E4h5L,223467,5,Barcarolle,Jacques Offenbach,Souvenirs,"Barcarolle, by Jacques Offenbach"
178,0.433,0.291,2,-17.56,1,0.0501,0.903,0.907,0.367,0.631,106.65,audio_features,7HB1REjjalFLSXgXlAAwFs,spotify:track:7HB1REjjalFLSXgXlAAwFs,https://api.spotify.com/v1/tracks/7HB1REjjalFLSXgXlAAwFs,https://api.spotify.com/v1/audio-analysis/7HB1REjjalFLSXgXlAAwFs,79840,1,"Concerto for Strings in G Major, RV 151, ""Alla Rustica"": I. Presto",Antonio Vivaldi,Vivaldi: Concertos for Strings,"Concerto for Strings in G Major, RV 151, ""Alla Rustica"": I. Presto, by Antonio Vivaldi"
179,0.161,0.0738,7,-22.821,1,0.0565,0.975,0.914,0.108,0.385,79.522,audio_features,02grSy81O6RjD2MByWf9ge,spotify:track:02grSy81O6RjD2MByWf9ge,https://api.spotify.com/v1/tracks/02grSy81O6RjD2MByWf9ge,https://api.spotify.com/v1/audio-analysis/02grSy81O6RjD2MByWf9ge,154013,4,"Bach, JS: Cello Suite No. 1 in G Major, BWV 1007: I. Prelude",Johann Sebastian Bach,Bach - Cello Suites,"Bach, JS: Cello Suite No. 1 in G Major, BWV 1007: I. Prelude, by Johann Sebastian Bach"
180,0.258,0.0617,7,-25.764,1,0.0399,0.966,0.698,0.309,0.265,95.284,audio_features,3GLLowmxDIVQBYJJR5YRBz,spotify:track:3GLLowmxDIVQBYJJR5YRBz,https://api.spotify.com/v1/tracks/3GLLowmxDIVQBYJJR5YRBz,https://api.spotify.com/v1/audio-analysis/3GLLowmxDIVQBYJJR5YRBz,170333,3,"Minuet in G Major, WoO 10, No. 2",Ludwig van Beethoven,Pachelbel: Canon / Mozart: Eine kleine Nachtmusik / Albinoni: Adagio,"Minuet in G Major, WoO 10, No. 2, by Ludwig van Beethoven"
181,0.219,0.0283,6,-28.784,0,0.0375,0.978,0.943,0.133,0.044,90.879,audio_features,5qtqQ05H33mXm83qgc444E,spotify:track:5qtqQ05H33mXm83qgc444E,https://api.spotify.com/v1/tracks/5qtqQ05H33mXm83qgc444E,https://api.spotify.com/v1/audio-analysis/5qtqQ05H33mXm83qgc444E,431147,3,"Piano Concerto No. 23 in A Major, K. 488: 2. Adagio - Live",Wolfgang Amadeus Mozart,Hosokawa / Mozart (Live),"Piano Concerto No. 23 in A Major, K. 488: 2. Adagio - Live, by Wolfgang Amadeus Mozart"
182,0.449,0.00631,5,-36.027,0,0.041,0.996,0.902,0.112,0.0676,69.325,audio_features,4BlM6AO7TOtqxcY9qMHIuc,spotify:track:4BlM6AO7TOtqxcY9qMHIuc,https://api.spotify.com/v1/tracks/4BlM6AO7TOtqxcY9qMHIuc,https://api.spotify.com/v1/audio-analysis/4BlM6AO7TOtqxcY9qMHIuc,145200,5,Song Book: The Man I Love. Slow and in singing style,George Gershwin,Gershwin: Piano Works,"Song Book: The Man I Love. Slow and in singing style, by George Gershwin"
183,0.28,0.287,8,-22.167,0,0.0367,0.931,0.888,0.0762,0.509,87.953,audio_features,2Hnurh1BcigGbCGFOb4Uid,spotify:track:2Hnurh1BcigGbCGFOb4Uid,https://api.spotify.com/v1/tracks/2Hnurh1BcigGbCGFOb4Uid,https://api.spotify.com/v1/audio-analysis/2Hnurh1BcigGbCGFOb4Uid,287987,4,"La campanella in G-Sharp Minor (From ""Grandes études de Paganini"", S. 141 / 3)",Franz Liszt,Liszt - My Piano Hero,"La campanella in G-Sharp Minor (From ""Grandes études de Paganini"", S. 141 / 3), by Franz Liszt"
184,0.331,0.0118,7,-29.056,1,0.037,0.994,0.905,0.0762,0.0577,65.591,audio_features,36XWhADD7DpCYfe2EYwgWF,spotify:track:36XWhADD7DpCYfe2EYwgWF,https://api.spotify.com/v1/tracks/36XWhADD7DpCYfe2EYwgWF,https://api.spotify.com/v1/audio-analysis/36XWhADD7DpCYfe2EYwgWF,191760,4,"2 Pieces, Op. posth., B. 188: No. 1. Lullaby in G Major",Antonín Dvořák,My First Lullaby Album,"2 Pieces, Op. posth., B. 188: No. 1. Lullaby in G Major, by Antonín Dvořák"
185,0.305,0.259,0,-15.179,0,0.0378,0.937,0.88,0.0922,0.165,98.086,audio_features,0eBr9W1GE5nou99gRdy02J,spotify:track:0eBr9W1GE5nou99gRdy02J,https://api.spotify.com/v1/tracks/0eBr9W1GE5nou99gRdy02J,https://api.spotify.com/v1/audio-analysis/0eBr9W1GE5nou99gRdy02J,442000,4,"Symphony No. 5 in C Minor, Op. 67: 1. Allegro con brio",Ludwig van Beethoven,Beethoven: Symphony Nos.5 & 6,"Symphony No. 5 in C Minor, Op. 67: 1. Allegro con brio, by Ludwig van Beethoven"
186,0.116,0.059,7,-26.632,1,0.0446,0.983,0.913,0.152,0.0393,94.137,audio_features,59eTbibtvvBIGj27eN3zqq,spotify:track:59eTbibtvvBIGj27eN3zqq,https://api.spotify.com/v1/tracks/59eTbibtvvBIGj27eN3zqq,https://api.spotify.com/v1/audio-analysis/59eTbibtvvBIGj27eN3zqq,214987,4,Le Cygne,Camille Saint-Saëns,Saint-Saëns & Tchaikovsky,"Le Cygne, by Camille Saint-Saëns"
187,0.377,0.173,9,-21.377,1,0.0328,0.991,0.909,0.105,0.557,132.335,audio_features,6qbs8UqvEdYEedxTXGHtTF,spotify:track:6qbs8UqvEdYEedxTXGHtTF,https://api.spotify.com/v1/tracks/6qbs8UqvEdYEedxTXGHtTF,https://api.spotify.com/v1/audio-analysis/6qbs8UqvEdYEedxTXGHtTF,503000,4,"Sonata for 2 pianos in D, K.448: 1. Allegro con spirito",Wolfgang Amadeus Mozart,Mozart: Music for 2 Pianos; Piano Duets,"Sonata for 2 pianos in D, K.448: 1. Allegro con spirito, by Wolfgang Amadeus Mozart"
188,0.397,0.0185,7,-32.417,1,0.0483,0.995,0.917,0.0828,0.256,128.58,audio_features,0VI8QAH1YupPK6xdCJuwpn,spotify:track:0VI8QAH1YupPK6xdCJuwpn,https://api.spotify.com/v1/tracks/0VI8QAH1YupPK6xdCJuwpn,https://api.spotify.com/v1/audio-analysis/0VI8QAH1YupPK6xdCJuwpn,292987,3,"Goldberg-Variationen, BWV 988: I. Aria",Johann Sebastian Bach,"Bach: Goldberg Variations - Preludes & Fugues, Vol. 1","Goldberg-Variationen, BWV 988: I. Aria, by Johann Sebastian Bach"
189,0.279,0.0292,8,-26.804,1,0.0406,0.987,0.902,0.104,0.0338,136.732,audio_features,2u9VGZmVz7Rm01SfDgzcfA,spotify:track:2u9VGZmVz7Rm01SfDgzcfA,https://api.spotify.com/v1/tracks/2u9VGZmVz7Rm01SfDgzcfA,https://api.spotify.com/v1/audio-analysis/2u9VGZmVz7Rm01SfDgzcfA,293147,3,"Liebestraum No. 3 in A-Flat Major, S. 541 / 3",Franz Liszt,Liszt - My Piano Hero,"Liebestraum No. 3 in A-Flat Major, S. 541 / 3, by Franz Liszt"
190,0.278,0.0459,3,-23.982,1,0.0392,0.981,0.79,0.129,0.0757,73.984,audio_features,5YZb7vHyhDkcBb5966O3w1,spotify:track:5YZb7vHyhDkcBb5966O3w1,https://api.spotify.com/v1/tracks/5YZb7vHyhDkcBb5966O3w1,https://api.spotify.com/v1/audio-analysis/5YZb7vHyhDkcBb5966O3w1,547493,4,"Piano Concerto No. 2 in B Flat Major, Op. 19: II. Adagio",Ludwig van Beethoven,"Beethoven: Piano Concerto No. 2 in B Flat Major, Op. 19: II. Adagio","Piano Concerto No. 2 in B Flat Major, Op. 19: II. Adagio, by Ludwig van Beethoven"
191,0.206,0.0645,4,-25.162,1,0.0396,0.985,0.894,0.138,0.0398,79.757,audio_features,3hgRiVuiBWVbpd4kBQD68m,spotify:track:3hgRiVuiBWVbpd4kBQD68m,https://api.spotify.com/v1/tracks/3hgRiVuiBWVbpd4kBQD68m,https://api.spotify.com/v1/audio-analysis/3hgRiVuiBWVbpd4kBQD68m,205560,4,"Nacht und Träume, Op. 43 No. 2, D. 827",Franz Schubert,"Schubert: Nacht und Träume, Op. 43 No. 2, D. 827","Nacht und Träume, Op. 43 No. 2, D. 827, by Franz Schubert"
192,0.0701,0.0243,5,-25.087,1,0.0519,0.982,0.911,0.111,0.0622,61.649,audio_features,1SkOyiUembPDeyEvFy1p0c,spotify:track:1SkOyiUembPDeyEvFy1p0c,https://api.spotify.com/v1/tracks/1SkOyiUembPDeyEvFy1p0c,https://api.spotify.com/v1/audio-analysis/1SkOyiUembPDeyEvFy1p0c,190387,4,"5 Stücke im Volkston, Op. 102: II. Langsam",Robert Schumann,Roots,"5 Stücke im Volkston, Op. 102: II. Langsam, by Robert Schumann"
193,0.405,0.087,5,-26.079,1,0.0423,0.994,0.913,0.0909,0.392,137.489,audio_features,4ifQr4rMgN5brImUHTCyjV,spotify:track:4ifQr4rMgN5brImUHTCyjV,https://api.spotify.com/v1/tracks/4ifQr4rMgN5brImUHTCyjV,https://api.spotify.com/v1/audio-analysis/4ifQr4rMgN5brImUHTCyjV,397387,4,"Piano Sonata No. 15 in F Major, K. 533: III. Rondo: Allegretto, K. 494",Wolfgang Amadeus Mozart,"Mozart: Piano Sonatas, Vol. 3","Piano Sonata No. 15 in F Major, K. 533: III. Rondo: Allegretto, K. 494, by Wolfgang Amadeus Mozart"
194,0.152,0.0274,6,-29.234,1,0.0478,0.979,0.895,0.107,0.0398,88.171,audio_features,3mk0kPavvau5tz8b174cdl,spotify:track:3mk0kPavvau5tz8b174cdl,https://api.spotify.com/v1/tracks/3mk0kPavvau5tz8b174cdl,https://api.spotify.com/v1/audio-analysis/3mk0kPavvau5tz8b174cdl,300232,4,"6 Pieces for Piano, P. 44: No. 3. Notturno. Lento (Version for Harp)",Ottorino Respighi,"Respighi: 6 Pieces for Piano, P. 44: No. 3. Notturno. Lento (Version for Harp)","6 Pieces for Piano, P. 44: No. 3. Notturno. Lento (Version for Harp), by Ottorino Respighi"
195,0.462,0.0805,10,-22.99,0,0.043,0.911,0.701,0.272,0.384,85.534,audio_features,786kICuQgqMoMds0kaK1wa,spotify:track:786kICuQgqMoMds0kaK1wa,https://api.spotify.com/v1/tracks/786kICuQgqMoMds0kaK1wa,https://api.spotify.com/v1/audio-analysis/786kICuQgqMoMds0kaK1wa,120613,4,"String Quartet No. 13 in B-Flat Major, Op. 130: 2. Presto",Ludwig van Beethoven,"Beethoven: String Quartet No. 13 in B-Flat Major, Op. 130: 2. Presto","String Quartet No. 13 in B-Flat Major, Op. 130: 2. Presto, by Ludwig van Beethoven"
196,0.407,0.00616,7,-35.91,0,0.0384,0.994,0.949,0.0721,0.162,95.761,audio_features,7jBaUnodzhFJCMaPRC4cD7,spotify:track:7jBaUnodzhFJCMaPRC4cD7,https://api.spotify.com/v1/tracks/7jBaUnodzhFJCMaPRC4cD7,https://api.spotify.com/v1/audio-analysis/7jBaUnodzhFJCMaPRC4cD7,131333,1,"6 Chants polonais, S. 480: No. 2, Frühling (Wiosna, Spring) [After Chopin's Op. 74]",Franz Liszt,"Liszt Complete Piano Music, Vol. 6: Complete Song Transcriptions of Chopin, Mendelssohn and Robert & Clara Schumann","6 Chants polonais, S. 480: No. 2, Frühling (Wiosna, Spring) [After Chopin's Op. 74], by Franz Liszt"
197,0.214,0.0196,2,-27.86,0,0.046,0.994,0.738,0.0651,0.181,167.025,audio_features,7yuzd6qmCKHuH39HZXjZ3k,spotify:track:7yuzd6qmCKHuH39HZXjZ3k,https://api.spotify.com/v1/tracks/7yuzd6qmCKHuH39HZXjZ3k,https://api.spotify.com/v1/audio-analysis/7yuzd6qmCKHuH39HZXjZ3k,189307,4,"Schwanengesang, D. 957: IV. Ständchen",Franz Schubert,Schubert: Schwanengesang - Shostakovich: Viola Sonata,"Schwanengesang, D. 957: IV. Ständchen, by Franz Schubert"
198,0.272,0.346,0,-14.01,0,0.0317,0.926,0.931,0.0772,0.24,79.773,audio_features,3By9jCy6b4dv5XnlhvIWwx,spotify:track:3By9jCy6b4dv5XnlhvIWwx,https://api.spotify.com/v1/tracks/3By9jCy6b4dv5XnlhvIWwx,https://api.spotify.com/v1/audio-analysis/3By9jCy6b4dv5XnlhvIWwx,134747,4,Dies Irae,Giuseppe Verdi,Verdi Requiem,"Dies Irae, by Giuseppe Verdi"
199,0.354,0.116,4,-28.692,0,0.0399,0.987,0.883,0.124,0.181,82.627,audio_features,36EnMgx9PmtnzUtmKwI63h,spotify:track:36EnMgx9PmtnzUtmKwI63h,https://api.spotify.com/v1/tracks/36EnMgx9PmtnzUtmKwI63h,https://api.spotify.com/v1/audio-analysis/36EnMgx9PmtnzUtmKwI63h,116960,4,"Goldberg Variations, BWV 988: Variation 1 (Arr. for Harp)",Johann Sebastian Bach,Bach: Goldberg Variations: Variation 1 (Arranged for Harp),"Goldberg Variations, BWV 988: Variation 1 (Arr. for Harp), by Johann Sebastian Bach"
